fecha,titulo,fuente,url
2026-09-07T15:55:44+00:00,Man receives human kidney transplant after surviving 271 days with gene-edited pig organ,The Jerusalem Post,https://news.google.com/rss/articles/CBMiZ0FVX3lxTFBpeGFmVDBPZHI4V1hRWDdISHVDUzlJNjZpTkFWelRaWHRWX19OdGxUVUsxMXpZeEkzUm8yT1ZESlltWFZTSHBHeHh3aXpNYmxIYks0cTdCc2xZQlFYMnRLMWZ6b0YzQWc?oc=5
2026-09-07T12:15:00+00:00,Man Successfully Kept Alive with Pig Kidney for 271 Days Until He Could Receive a Human One,Yahoo News UK,https://news.google.com/rss/articles/CBMifEFVX3lxTE4zay1wR0w3SVlETERYeEFrS3dXbWYxazZwcFNWZlJlbDBQWkdUX010d0wzV0dWUmlxbDZyTDkyRUhIZmU3RmVkRW9YbnlpS2U0bkdtekUwb0hUb0Y0VmlIWl9IOV9aWUl6LTJ0cm1GVFNBaURyaTgyMVNfM1Q?oc=5
2026-09-07T11:59:00+00:00,What Happened to the First Patients Who Received Gene-Edited Pig Kidneys,PravdaReport,https://news.google.com/rss/articles/CBMicEFVX3lxTFB0UFlfbWVXRk9veDVlMVNFMjJYUUhQY283a1drSHNsSXkyYWktTnZBMlV3ZlUwQzMyZUZLSWQzNGh5VldidlNCeG5LMW5qSFRKVGFHb1M3Nnd6dFJEdDJVdk84MXBWV3QwOXQzbTktbE4?oc=5
2026-09-07T10:35:47+00:00,La ciencia es noticia: Xenotrasplantes,t.co,https://news.google.com/rss/articles/CBMiO0FVX3lxTFBTVTNGRDVVWkFBOFpMTVNjdlVjbGo2dGE0Q2NJbndsZ2w4NXd5aXlTXzUxZlhUUkZnM1JR?oc=5
2026-09-07T09:45:01+00:00,"Science, pigs and money: the race between the US and China to make animal-to-human transplants viable",EL PAÍS English,https://news.google.com/rss/articles/CBMi9wFBVV95cUxNbGxoc3pFYzNrY3JmVWlJYldxRXZXQ283RXhnWUx0WDdVQ1d5blR5VHNydzBuRzRIR3hmWTQzTHNoazBPS0NfUlV6TWNidWw5T1NQMTk1MG1tWXoxQ1l6cE1JV1ktcl9EMDhvNXplTGZBNW5GNHE2eUZJdEhDUTVoYUVJckpISzRWbDE0VUZNSkd1cHozM1g5T1JhQVoxdERzNU5kVEZrNldnTUFvV0tIb3UyQjd2Y00yVk4wYkNWLTJtbUxoVTdpR0NPVnpka1pzcWhwWEtLSFJ6MXRHNWt6WERGSkIyQ3RWUGFOT2M3UUdHX3BIb0RB0gH3AUFVX3lxTE1sbGhzekVjM2tjcmZVaUliV3FFdldDbzdFeGdZTHRYN1VDV3luVHlUc3J3MG5HNEhHeGZZNDNMc2hrME9LQ19SVXpNY2J1bDlPU1AxOTUwbW1ZejFDWXpwTUlXWS1yX0QwOG81emVMZkE1bkY0cTZ5Rkl0SENRNWhhRUlySkhLNFZsMTRVRk1KR3VwejMzWDlPUmFBWjF0RHM1TmRURms2V2dNQW9XS0hvdTJCN3ZjTTJWTjBiQ1YtMm1tTGhVN2lHQ09WemRrWnNxaHBYS0tIUnoxdEc1a3pYREZKQjJDdFZQYU5PYzdRR0dfcEhvREE?oc=5
2026-09-07T08:45:00+00:00,Pig Kidney Keeps Man Alive For Record 271 Days,says.com,https://news.google.com/rss/articles/CBMiYEFVX3lxTFBlbGNnVEtYbE5SNmhCMTRtLTctX2l0RE81ZURsdGdXSENfWWJ3eUVibDhZWVU3ZjFhVWVvN1d6aVQ1dGgyb3ZmS1gwTEt2YTFsTnZiajlnaFg3THAxMklWeA?oc=5
2026-09-07T08:42:53+00:00,Pig kidneys keep patients alive long enough to get human kidneys for the first time,NPR Salud,https://www.npr.org/2026/09/07/nx-s1-5958008/pig-kidneys-keep-patients-alive-long-enough-to-get-human-kidneys-for-the-first-time
2026-09-07T02:20:00+00:00,¿Podremos vivir con órganos de animales? La ciencia ya tiene una respuesta,El Debate,https://news.google.com/rss/articles/CBMirwFBVV95cUxOVzhXd1JXX1paOFRXWWY2LVk1VU4zaC1FTUwtNDl4VmRhYjNrcEtqbDN1SEZTOWxBU0J2WUtGamFKSW1FaVlKOXhXRzdiMzd1Wm9uMTJ3QXV1Ykh0MkJ5S0h6QVRBSzVDZU5XYjlmaXJrc0FSbU9GeW03VVJhOXhHdlRCc1NsX2ViMUxVeTh5X1hpdW9XX08tRU5UbmNUbG52bmRTSF9EdWhKZFBJSzhJ0gG0AUFVX3lxTE14bnYxN3d4eWNDS2VLZkxRSkpSNDh1SnhqanRDN1JzZHdWNWFYLVFlMjlmTzB6TlZ1aVBpMU0yMlg2WWFldGhDTG9ZTV8tSVVTYnFlYlZwOWxWWXFWMG4zdGNaTjdmdnFCWlEyWmVGeGVtUS1vbXNaQmpMS1h5dGhBOFJaekEteXFDbm4xN29JSEY3U2hkcHctOXh0VVIxaldJN3pPdURsaWEydVdKcEVld25rYQ?oc=5
2026-09-07T00:47:05+00:00,Estados Unidos: un riñón de cerdo mantuvo a un paciente nueve meses sin diálisis hasta que recibió un órgano humano,Prensa Mercosur,https://news.google.com/rss/articles/CBMi6AFBVV95cUxNYzZzYThXcENWWnFUZHljY1BrcjR4dzlZa1BoaFZBQi1JWngwLVhfaTRTYVd3bGxGdWQ5ZGlGeVN1MTBMVzVWM1M2M2k2QjNBNWdQYU5GMFhTSjVBbzdweGVQTkZMOHdfaFY0bnVSeEh3VUdFSjl5aVhjcGtCNUs0NkJ4QXcxdUJ0QVpXcFhnV1hTZ29GUGM3THIyWllMNnkzMzJoeEhDQjJtMmNYWHl5LVFRSWhpdENkWmYyeS1hMnVFTXdENWI5YmNNX2VuQ3NCWHk0cXVYWjhybXRsc29kMmlBbkdmdWFB?oc=5
2026-09-07T00:00:00+00:00,Beyond immune rejection: integrative genetic engineering strategies for overcoming coagulopathy in xenotransplantation. ,Europe PMC,https://doi.org/10.4285/ctr.26.0044
2026-09-07T00:00:00+00:00,Blastocyst Complementation: The New Kid on the Xenotransplantation Block,Xenotransplantation,https://doi.org/10.1111/xen.70165
2026-09-06T17:00:37+00:00,FILE VIDEO: First pig kidney transplant in human,FOX 2 Detroit,https://news.google.com/rss/articles/CBMiqAJBVV95cUxPS2s1RnBpZE1naGNZQWFwdEhjVnBsSkp2VDJfWmVFdVJYUE1hRk9nMVBZb2pKRDNReENsTFAyWHZlMm9DellZMzMxc1pBYV9WSWJ1cFpMNnpibkYtTmZPdjIwSjZma29BLWlvMi05c3FJTnJWNWVJT25PLVBfcXNwNUdVLWIxQUREc2xZUEduUlEwRWhYSDVRX3AydFRxZWpjRTVxTHp2RVIwYWZKSkYxd1AzV2VsUXl3MEw0MDltUGxodEpwYkZKczk1WjFfNTV6NWZ0UENicXoxU1VlOTF0LVVNN2RJdTdFWGZLMU9GTWRnZEtuaGJmV2R5Z1pNejlTRGxhQUlnWjJXdXZCNjlydWlFeXdvekNVZ2luSjJsWDRaSzR6dFlqNNIBrwFBVV95cUxObnIwdExjSkpIQk5XQ0lwUmVmSmFsRkFtU2E1aG1TaXVNQlV5QWw1cFgxclY3Rm9vdEY3dHY0d1NaZnFlMzZmaWphY3BKN3BUcnJtWDFEY2l0RnZkdk83eW1lTXVEbnpzQVVQSjRZbkYzN3dndkZTTG5GNWRXVnNYYWtUWi1DdTk1YnpRWGNEYlV5aDhmUndXUElRZkl1a183TG53dnA5SWMtUmY2S21F?oc=5
2026-09-06T15:02:03+00:00,Transplanted Pig Kidney Still Working After Nine Months: Breakthrough,TechnoSports Media Group,https://news.google.com/rss/articles/CBMicEFVX3lxTE1QdEVjejNBQmdtRk51YmRUSFRqLXZLd0VGZWVIclNiQm5OZHNPSzQ1SFEwSGI1cHdHc3lJUFM3RVRqeU41dzlyNmpybVNIbDNTOEc5MGZzYUpsMXJGbHd2bGFENmhoMUhXTVJsT1owNmQ?oc=5
2026-09-06T13:05:00+00:00,"Pig Kidney Transplant Patient Survives 271 Days, Then Successfully Receives Human Kidney—Setting New Longevity Record",finance.biggo.com,https://news.google.com/rss/articles/CBMidkFVX3lxTE9PcWFvZ2lhZWtyV3hZU2RSSDN5MHhHWkNFVXJXM2JIYkVmeHptbHVHT3JOVE5Gel9jRHFfMFpBVS1kbFd3d3A4ODNhOUxFaklSZHpycFVPT2J5RHBLei1BVDRjdmQtSmhUTjZjR1BMQWhFalhmcmc?oc=5
2026-09-06T13:00:45+00:00,"Científicos latinoamericanos lograron algo que parecía reservado a Estados Unidos y China. El primer cerdo “triple knockout”, diseñado para volverse casi invisible al sistema inmune humano, ya es una realidad",Gizmodo en Español,https://news.google.com/rss/articles/CBMiswJBVV95cUxOLWVsV0I1dFBmWldQRERLaGlJVnFlS2VpeWRmeVlJY1d0bFdkYWxpbkU2bWJwZzhrdWFKSzhDVEpCSXhoOXVpR2k0YXZuQlFYWXcwUzUwSWYzN09tWWlxUEZoZXFkZ1ZINk92Q1UzRGttM09jU1EwTHRCTkhZM0ZGMVZEZGU3UkJRN2pIcWxyUDdFUDFGRjRFbm1qeHAtM2xhZVFBa3M3YWZlY3Nmb2lUeXJSNnNwZHJlNU54VEVVTkc0c1FLMmhzWnVLRTQxT3gxYkM1cVdsRzNTVzlKd3BHalV0UExvR1d2UmFrTXVHOXQyMHBFd3lmbXZkQzJ3cnlvS1dNZXNxR3B2MnlBTlI4bG9LQ2YzQ0pGY0t1Z3ZDcmFhWTRPc05GNWJ1OTJncFlxWC00?oc=5
2026-09-06T12:00:00+00:00,A case has emerged in which a person survived for 9 months after receiving a kidney transplant from a pig.,GIGAZINE,https://news.google.com/rss/articles/CBMiY0FVX3lxTE8wUW1taXNicm5NYTB2VS0zUlczOVhidFFTUjAtYnAyNkJPTG9NckFySnI1bkdMYk9mSzBNYTBCZVlBMW1jZllWRGxXMHNKZ2E0QWdfQ3FkSDl2Mk9rOHUxekRkWQ?oc=5
2026-09-06T10:40:19+00:00,Pig kidney keeps patient alive until human transplant becomes possible,newskarnataka.com,https://news.google.com/rss/articles/CBMisgFBVV95cUxOWFBCZG5Hb3VUSFp6UGkyVXpiRUJrNnNSRHc5OV9BTVdVczltWE14d3JTQlJMTEp5SnplZ0tsM3dFdnV1RmdHb2NiUmtQRGdwZXB1NEIydzctWFR1eHpoTGJCNmlwN09HcFBRaWc5aUs2dDVrbHFXZ2IyUGRFTC1DLVV2TDlkLWU1REtxSVM4cGtRY3N3YWd0UHpoeDJCWEt5aVVvZVlLd2hOal84SlR1cjZ3?oc=5
2026-09-06T10:25:13+00:00,271-Day Pig Kidney Bridge to Human Transplant,조선일보,https://news.google.com/rss/articles/CBMiiAFBVV95cUxQNURuODlndkdLWjVhbUdjaFY5ZXBTU1hwT3d1MHFRZHIzMWl3MmRZcjd0MXZnTkd3dlItWkRaQjVYcmpuN3k0OEs4VHNUSGp6Y2tnS0I0MEdQTkRlVnNrdkxyMi10cnhXLTE5cmNtdGZFMzQ2WjVlaXNVb0lqZDd5MVFieWUwcjht?oc=5
2026-09-06T10:06:18+00:00,The Pig Organ Race: America and China Bet on Transplanting Animals into Humans,slguardian.org,https://news.google.com/rss/articles/CBMiowFBVV95cUxQaU10SXVRMmVCaHVVT3F3Tl9DZnYtOVB2aTdRTG9hVzJWeWwzNzJacHl0aDVWYzUxZXZydklyU1BNU3V0QmNhSHNvcDZEMUU4NldUWlZqZFdsX1kwS201OVRUVzF4ajFkRkJrSkw0a09iYkpRVWgzanQtRlRETGF6X01GVUN6OUtQX00waTh3UnpPbEpMUkJncXRXYkRPYlhYMTh3?oc=5
2026-09-06T10:00:00+00:00,271 días con riñón de cerdo: el puente hacia el trasplante humano,Foro3D,https://news.google.com/rss/articles/CBMipwFBVV95cUxOQ0FranlnNWpyQXNJWjNVU0NpS3p6QnJSYXNERVBLZlpSbXpoS2t4Z09xN3FYc1loY2RQZ0s2b190SnQ0WkVFUEUxRmc5V3dfa1I3U2IxMFVEaUktcUs2V0YtcU5OeUREMUxMSXZpTDFDdlA4TlEwU1ZneEhhM19kZklnMHZFOGc3eDNHelFIX2I3RlBCcnhrNTQ0TFdoMWxJTFhpaDNQRQ?oc=5
2026-09-06T09:01:33+00:00,HOMBRE SOBREVIVE CON 9 MESES CON UN RIÑÓN DE CERDO,inspectornocturno.com.mx,https://news.google.com/rss/articles/CBMiVEFVX3lxTE05aXVGWnlPN2piRUJpbElXX3ptRjQ5Mnp0MXU3bzdFcGs5SVZ3OElYeDVYa1RodnNKVW83cVM5LUFsWUlNeWx0bm5aenQ4ajgydmRDSg?oc=5
2026-09-06T07:44:36+00:00,Record-breaking pig kidney transplant keeps patient dialysis‑free for 271 days,The Eastleigh Voice,https://news.google.com/rss/articles/CBMixAFBVV95cUxNX1E5Y2FsbC1JTUtCazROQmpSX0FDUnJMZ0pjU01tLWNrRV9wQ2JwTVo5U2NIdG5QdGZWRFdwaTJCUnVRcW5COUhUTDBkZzNSUU14X3Y4WERBM21nOUtyZk5jU1QzSHBhMWxlWTRnSl9EeGlEY3RDcXRqdzZoanhDTG1fWGE3dG8wMUlCSDdFR2g0RERHSUhMVDNJUjlLTGl6UWpCMF9JTWNld01GWVdNNHZtWDRUNFNsanhWbXlXcGN1YjNC?oc=5
2026-09-06T05:59:00+00:00,Pig kidney saved a kidney failure patient from dying for 9 months before needing a human transplant; he di,The Economic Times,https://news.google.com/rss/articles/CBMi1gJBVV95cUxOakhlenhVYlZtbWQwckUxeEFzbDZyS2dkemlJeGVxNzUxeE5VM2ZpMkt4aUpTX0N2alZxQ25sVnFTMjlpNFFsZFRTRjcwRkI5Q2Z0cjN2dHEwRmhyTDRUd0hrQ2sxcGRNMkUtdnhHVGVkY2MyaVpnbjBPSzlZQ0RfWHR6VVNaU0tyMGFkc3licnFCdzBWQzFBdk5vczdKeXo1QUV6THhucEdsSXZlQ1JZaHRYbWhEWVZVd2pqRHBxX0J2TDB4elI5c2hsY2RjbVJaVWdJNy1PNm5GcnhOejBRRmR4T3FLTHlqYXhNTlNBOHl3bmVpMTlTWEdJa2ZMR3psSVlULVpONDlXbmJiOW5XOTVFdU5tcXJhbVEtWkpHZkxEV3NIU281d19IMGRWaXBES2pIMEpySlYxUkEyV2ctUlRnR3pkZ3p3QnZlQkkyTVRLSVlGZHfSAdYCQVVfeXFMTmpIZXp4VWJWbW1kMHJFMXhBc2w2cktnZHppSXhlcTc1MXhOVTNmaTJLeGlKU19DdmpWcUNubFZxUzI5aTRRbGRUU0Y3MEZCOUNmdHIzdnRxMEZockw0VHdIa0NrMXBkTTJFLXZ4R1RlZGNjMmlaZ24wT0s5WUNEX1h0elVTWlNLcjBhZHN5YnJxQncwVkMxQXZOb3M3Snl6NUFFekx4bnBHbEl2ZUNSWWh0WG1oRFlWVXdqakRwcV9CdkwweHpSOXNobGNkY21SWlVnSTctTzZuRnJ4TnowUUZkeE9xS0x5amF4TU5TQTh5d25laTE5U1hHSWtmTEd6bElZVC1aTjQ5V25iYjluVzk1RXVObXFyYW1RLVpKR2ZMRFdzSFNvNXdfSDBkVmlwREtqSDBKckpWMVJBMldnLVJUZ0d6ZGd6d0J2ZUJJMk1US0lZRmR3?oc=5
2026-09-06T05:55:47+00:00,Nueve meses sin diálisis gracias a un riñón de cerdo modificado genéticame­nte,PressReader,https://news.google.com/rss/articles/CBMiiwFBVV95cUxPTW9ZY2w0eWJjek9HT21iWUlmQ2Z6WWNCaDdWSTZuM3RHVlhnM0MxbmJielNQMHNhcTcwQnhfak9NVDBKcjd6dHZpamhGaDRaRmx6QWxBaGRvdkx3dGtIN1JGS3hyN2E3VGZ3bG4yWURVc1dhSGtqY0pNTmpGOEhPZmNLcEN2cFNrTHVz?oc=5
2026-09-06T04:55:00+00:00,Los trasplantes de animales a humanos dejan de ser una promesa para convertirse en una carrera global... y esto tiene un lado oscuro,EL PAÍS,https://news.google.com/rss/articles/CBMigAJBVV95cUxPbTZzN1ltNWVxWThESWcxb0tWaUlqSjBBSjV4Z1h3MF9oc2d0TUt4WmJnQjBkb01PN2xaRVc3ODNSTFMzWXNmZE9MX3VTQzV1SHBLT0k4NzM3aU9LZmlIazJib0c4N2VpV0U3UkZXVzlFWGxFWU1CMzlBMHY3SGtlUTVCNGxBcUhBUjFreDBlR3VlcUg4SFdOcDRGMnFrZ2lBbm01bFFXMmJlZFJSWi1oZlFuSVVoRzNXaFlOU1Fpc0x4VHVaWlNEcUdVN093dW5IendKa0hjYkNmelFObmU3X09TQjR0V1g3Smp1dUtFN0Vmd2JkM0J6RUNxaWdGRmZr?oc=5
2026-09-06T03:53:00+00:00,El hombre que vivió 271 días con un riñon de cerdo y abre una nueva posibilidad en transplantes,Heraldo USA,https://news.google.com/rss/articles/CBMi6gFBVV95cUxOTFVwSGZnM0wzdjhGR1lKZmRDUlQ4eUQwdVpEZDgxZDVQdkVmXzF6MUJrVkRxVUpYOWYwU2FTU0NKT0RFR2xWUDRKZHVRbnhjUGJDMWx4a29oejVHUTBSVVQ2Q3ZKQkthc2w4Z2J4WUxkUVpHNkZQdjVuRUI1R1BaMEZtMWRHMENtRkNjNXROcllwT3FRekppSmxIM3QzZmxBTEJObVBTUmVlSlliZG9Jb2ljWFVsTVRySTFIZHBWYlBMOWpjWjlJMnRrR0cwUjNGOTB6Z0NSLXYzalhSb2R4WEUwZ2tzN2V6MXc?oc=5
2026-09-06T03:30:01+00:00,Una piara de donantes,EL PAÍS,https://news.google.com/rss/articles/CBMickFVX3lxTE4zOG03TmluOWt1SnZEWHNFcEJhZldla0xQRE1hNjRhb1RPbGFOQTdUeWhaWW54YUZMYktPRkVRdmRjdjMwMUxVWDNEMGt2WEU3eWIzZFBYWkttZ1VQWjhIdzFyWVpYd2JhRFNrS0hCS1JYUdIBhgFBVV95cUxORVZ5dU5rdDZxVHJCb2p1aDhncTM4S19kUi1FU3BQM3ljQ2ZMVEd1Z19LdGpOR09qcFo3SkpIb2I5MFlkbjB0WkxGY1VleG1iQUYtVk5KX0pzMHhmcjdmdkU4bl8zd3lOYlQxUjlZcGJzYU5VV0s5V3NocHJoeHdFX04wWV9UZw?oc=5
2026-09-06T03:30:01+00:00,"Ciencia, cerdos y dinero: la carrera entre EE UU y China por hacer viables los trasplantes de animales a humanos",EL PAÍS,https://news.google.com/rss/articles/CBMi6AFBVV95cUxNcE5JbU5yb3lsb3hhRGM0RkdLUnNUY1pDOG1EQzdwN291b19fbHdUMXJkeElkRmRoR0EtZXhCUTRSREYyU09rd1NjUUJlek5jU0M0c05teWFuSHk3bUZ4M0FuRDlIMHdXUnBVRm54THN0SnpRdjJkS3JVVHdpckdyT3FjblUxY2lRRWZ4TWh4cHc2d2dfckhDd2tGNW9UUVExR1BPQ2ZpTjFWZzE4WUFMYW9jYUFrSTlqVlBCTkt0Z19OUHdubnM2bWhZaFFQN1E4MEtwWnBFLUlabzVYdmlhZVQwSjNmcEM00gH8AUFVX3lxTE5sNzJJSmZoNUE0bHhsRVpHYmhONDl1QXlMOFlnZVNJc1d5LTlSTHZVbmhzRTl6SzU2bjhkSmtPbWtNU2huc04xMjM5X3RzYWhrUmZGZ0pBRlRTWllac1doTjFOR1pLalM0SjBoTE9ObDBrX2FLNmNCUE10ZUFDZUpfdmNwR204RmRuVmpJUW1WSnB0a2lOc3Y3VVA1MGYybThSSXh0MTZScDQyZ1NtQkxvYzZfdThxTXhyMjJzUFZOSzVHWndvek5EbnBZZkpYVnc5bXdpTW96Y1pXVGxzb3VpVWlCeXpfdlFLb1RCek9hMFdWWnlsQTR0aXZtYQ?oc=5
2026-09-06T01:41:23+00:00,Pig Kidney Keeps Man Off Dialysis for Record 271 Days Before Human Transplant,voiceofsikkim.com,https://news.google.com/rss/articles/CBMirAFBVV95cUxPNzhkSFp5QVV2QzVxTXJ0Z1JJRzQ5T2xxNVNfVGVEdTJPQ3VhMmExanE1bmxOQWJ4M1V3RmdTTGtIcGhBNzRMeWdiR2tiTDVjWUNpcE1XZlZuWlZSWEJkTzhwbk9nVXhDMnNDcWh0TEZBek5zVk5xR1YzRW85SGo2UFdjVUxYblBXanRydkFySXhvdUEwanB2c0czR0xtTVhtbG52MmpOZkFibkRi?oc=5
2026-09-06T01:24:00+00:00,Mass General Brigham Uses Pig Kidney Bridge to Human Transplant in Landmark Case,DongA Science,https://news.google.com/rss/articles/CBMiVEFVX3lxTFBkUXI3OGtfLW9pWFNNc2xXM0kyT3JCWFFXZGNvZWlVZzlfbFphaFRyRHUtell0cnJYREprNlNoUGN4OTZOX3dZS3Z5aVJUSW9sVk5MVQ?oc=5
2026-09-06T00:09:00+00:00,World first: Pig kidney saves man facing 7-year dialysis death sentence,Zee News,https://news.google.com/rss/articles/CBMisAFBVV95cUxPV0pKMGQ1NjVUeTctMzd0ZjZsWHRMMVhQZ3J1LW1MOWV1eHdNTV83elEyX3Q3QXNYSVpZUURJLVdwM3ZDSzZKNXk3UFhCdTBnQTdYc0JrVWo5OWFlcGNaMHpRUG04Zy1kcEEtSWRYTUswQzhIZUFmV3NqWm9MOWJUZzQyUHVXdkhaaGZCOElxUnVoU2IxT3Q1M0Z6X1ROdXZiY1RZZW05a0d3ZzVxcTdMcdIBtgFBVV95cUxOaXZXa00waXJPRHdkdEpESFJHOUFCX044T0ozN3paSWp6c0ZpZmVja3dxRmRvM1FwYTd5cVN3YU42UkJ5MkZhTjA0RUJDbms5SDNqa3FlODlpR041bTFYTUxTRERrNU16d2VwQUI3ckxRdlBJWGktaTZ5NGh6UjloWDdZaGdDT2VyRTRNQXo3TWhlUzJzZUtPMG5RMWNvS1pCWllIUWFKWV95ZkdRQldPZWVOa1BfUQ?oc=5
2026-09-05T23:47:36+00:00,NH man given genetically modified pig kidney for 9 months in world first,UnionLeader.com,https://news.google.com/rss/articles/CBMi-gFBVV95cUxPUFBMNEpVM2JsYWZZTG1tanVoYkFOU2hJVjR2UVoyR1ZTdVl2ZmNHM1JGTWc3S0htVGJnVlVoX3BpNnFhNkVxb3hOLUxHUDVsdm1NSFViR3c5cFBjRUdfN1MzdzFXd0FXbGt2Z3pMUHA1RjR5NV9MNmFDUmFPN01uVWJuSEw0TnM5RW5JUXN5b3FYeVZNWnFpRWFZeHFjM1Rqa2k3YzRqeGwxdGVwUmJZT2RxUVZ2RFhjZ2NtN0FaSG5NUnB6dUVYWWFFakRseVRTNDlKVEZpRWxWU3Z6UUZVWm03cFhjQm9ZbVYwX2lqWnBPSmIwbTUwVllB?oc=5
2026-09-05T23:32:28+00:00,Riñón de cerdo mantiene vivo a un paciente durante 271 días y abre una nueva era médica,Asere Noticias,https://news.google.com/rss/articles/CBMirwFBVV95cUxOSXk4WVQ5Y1BKZlJSY3FiRmFOZ0ppUkNIN2Q0M0tCa2hBa29qNEYtR2dSZGpnYWRvU2VTWkUzbkJkSUNNaC1reVI2N1J0R1pBdzRiUWNNMGtPdDc5elhDOUxyUXZjY0czOVJYSmlsOHcxdW1VOXEteHViUG1VcHhkZ3pZd3FQbVBZelNUWXBhOEtRS2hrSUZpV0lxMWpIbkRDRUNmTjN1OGNKSjZRYlZJ?oc=5
2026-09-05T23:25:23+00:00,Paciente logra vivir nueve meses con un riñón de cerdo antes de recibir un órgano humano,El Regional del Zulia,https://news.google.com/rss/articles/CBMixAFBVV95cUxPU3hIWFRmNExkSFRRX2FVV0FfSGxZSVVUVFl5SXY5emxNLXAzWUs0WGg0bWx5UzROZWZva1pQOVhNUXZ4MS1YcU93dzQ4dWVoYTRNQWtZdU9kbVBWNXduRTBqdkpEbnZiQW56ck94Y2FQWGdKU0dVR1hOX21ZTjQtR3R1SElHakYxTTlTOWd6dUdaT0Vxd0dRQXhqcEZQRFRNLVN2VjZGZUJMOGxYOEJrbmxsb3VxSzBiUGQ2SDhSYW5ITWlK?oc=5
2026-09-05T20:26:00+00:00,Paciente prescinde 9 meses de la diálisis con un riñón de cerdo hasta lograr uno humano,XEVA,https://news.google.com/rss/articles/CBMixgFBVV95cUxNbk9VME9oOGl4NDhZR215bGY3amhBRDBXRGl6d2I1c29INGRXN0F1WXpaaElnMTg4eFFrZ005YTZSOEFVZVZvOE4tQVhDY2UxYVNqZmthaUJLNm5PWEs1LVRqMWxtQ1FtY05tZ09nQ0JrUVk1cjdORkNObTRpbGpJTC1vRkFIa3RCWXBzTlVEemdBYk5xX3BTWkhpWGRlMVVuOWhZRWVpZjQyaXo4cENnaWpGUjBuN0lmQ1h1cF9paFR5OW1YeHc?oc=5
2026-09-05T19:36:47+00:00,Un riñón de cerdo le funcionó 271 días a un hombre y marcó un récord mundial: esta es su historia | El Colombiano,El Colombiano,https://news.google.com/rss/articles/CBMirgFBVV95cUxOZGdhcVBGU3NlNnZDMVI2WkRCRTFUT05qbGlnRGlSRXFHcWs0YkNzRFFQaTd1dVc2MGNTQVFsclN2UjdRUDJMZ19idGRMc2Rqdnd0MWZSaWF5Q2I0NmNoeF9xVEdlOVZsWnkzVEtuS0M1T05iZ1VLaGU5RUhWVFZGQzNKaDRMR3gwR2I2OGI2NDdod1I2RGZUc3hSc0ZBbllsd1lGbzk0Y0V5ekgtakHSAbMBQVVfeXFMTlgzeF9XUlFKWTNUbnFOakRyQXIzV1RtellRMnI5Rnowak4yaEFDelFWamlyamloOEVaMXpaNUNtTUFlRHQ0RFBWb3Z0UWU5aGRqazZ4b2xQb3JrT0g3c3EzMUVxTDJuYnU2S05Oczl1VENwd1RDWkU5UjhYTklTZ3BsZDVCQjVnY0pTbmp2RFI2WDdDU0phWlFXWTlGQ1lzOHJHY20wSU1yU0pwZWttVFVrMms?oc=5
2026-09-05T18:37:56+00:00,Hombre vive 271 días con un riñón de cerdo y rompe récord de xenotrasplante,TV Azteca Jalisco,https://news.google.com/rss/articles/CBMiywFBVV95cUxPWHltNjQxbmlvbGN4ODRjWTdDQ3JwRjVCZG56LXZ1N1NoVW1VaGp6STAxZDN6b0NwZllab2tkMUdocDAtYVM5TG1TT1pXVExjRkZobjVHdWVzSnFkRDB2bnRxY2Fhb0VBWTFUenRza3I3SFlzamg2elFub1dsZFB2X2xLcTJydlZNYzFiTzh2bTI1RkZOQUNlUFp1dW5lUW81VnF6TkpScHl0MEFseTNodS0xdVpMMW9KTHgxNnk2UGFRcUlLcFZxX05ndw?oc=5
2026-09-05T18:30:43+00:00,Man Survives Nine Months with an Implanted Pig Kidney,bluewin.ch,https://news.google.com/rss/articles/CBMirgFBVV95cUxQYlJDSk5TZ0RvQlBjNWhVcTBpV0JyaTd3alJfVWZWY243Y05udmxWM0tDUkVLWHlRdFBYbTNVcDRiTFExTkk5WFU0WjVNSGEzbml6ZVdSWUhiaTBVaDhpWlFfamhZSXFkZlVtWTJ2aG8zdkxEUEhjalc1OTB0NFpHd0liSGloeFFPVUlKTktvRHZHaW9EOEo0Tm9YQ2JuT2hyR3BiUjZ5LU5vN0F2eGc?oc=5
2026-09-05T18:17:48+00:00,Riñón de cerdo mantiene con vida a paciente durante 271 días y abre esperanza ante la escasez de órganos,monitorexpresso.com,https://news.google.com/rss/articles/CBMi0wFBVV95cUxPVnN3WElrbko3WUFDQWxhUFBiVWFia3RsUWI0ejFIRjhXT3lvQmJoTHM5NjVOSWlBakZXOHdwaHJCVTBJT3lmZm0zT2F5c3dzSzlPQ2dKOHJwZ0VRYXlTUktnR0lNRTQzMmZpQnVzQVRqOW1FYWczRmNmYlMzTW5qb01nMHVtSmJyenQ3a28weFlQaHVsV1JGZHVnd3I4cDlPWWh5MzBaeGRHZndxeHV6SlNMN1BzTkJma3ZienZ3T3FJblQwQmhFZlZwaWRWLTBkM09v?oc=5
2026-09-05T18:11:24+00:00,Medical First: Man Lives for 9 Months with Pig Kidney While Waiting for Human Donor,breitbart.com,https://news.google.com/rss/articles/CBMiwwFBVV95cUxNN05PMGNVcVFWdzVGY3kyVVFMcDVfY2tSN3NlNVN6cHZrSkVKdmZoYW9wOUwycUl5elJOclhLcGtJcVZrQ29GNGd3VlljQVJVcXpPSll4Nk40Nzh0cTEyU29RcEhpdDhfcnY5TVJlMTFCakZNcjRmd0FaVjlhRVlFbl9RbTFFT1ZTamI4VzVFbWozZldmdWxUZTQ2N2VETUFGZFRqV08zWXpmMXNpUXc4LUZWQ25ZRWRidnJqa2ZGVUwtdG_SAcgBQVVfeXFMUHFuVVE5YUNnYjVnaXJZXzEtTmlIWThDM1VaUTlVWnFxUDZjajlOSzl5NjlkSDBuSUlUd3poSC1vLWFGT2NmWGtyUXFMejI1ZmFuQnAzOExDLVVKU1BxRXU5NEs2QkZRa2Z1YnhWbXo4dDdJRFBQcTBkajZvNTlIQXh6TmFSUS16UFFuSHYxbU9PMzFGdlM1RmdsbUppRmRXY0NqOGhaTXFYV1Z6LTgtNmpHX2xYUkpqMHBZSHNfOWJFb2hVNk9PSXM?oc=5
2026-09-05T15:56:00+00:00,Hombre rompe récord al vivir 271 días con un riñón de cerdo trasplantado,record.com.mx,https://news.google.com/rss/articles/CBMixgFBVV95cUxNRjZod0djT25vZnV4a0tJaUhUcnhTWFZzU0hEcUYyeGtSM0FBQWUyUnpKNFZITFZGV2hTWEFLekVaOEE4SGVHYnh3VnlDcW85VXM0VVVzQ2ZRUE9jRFgxR3FwM1FJUEVoRVJiQ21UQk1ERHZFZFJYUnltVXRQek1oVzdieWhuZ0diTlZpM1ZITU9Tc285czhVTFhGLWVUd0F3SVgxeWxhMWRRUUpjQnd0cHVrZEluZTlBLVBIT3N5Y1BmU2Y1d2c?oc=5
2026-09-05T15:39:20+00:00,La increíble historia de un hombre que vivió 271 días con un riñón de cerdo: ¿qué récord rompió?,minuto60.com,https://news.google.com/rss/articles/CBMikAFBVV95cUxPd2ttZURwWmhVeFBnaS1SaFk0V3RhcE9JZFVNOVVuVlBnTW9sZE5oZ1BiVnh5MG1UdkF3ejhjWnQ1MlRsdWwtYWZSTTQ1bHNlRXZteVV3OC1RT3B3dE93Ri15YlgtOG1BWkZ5T1A4MWdYd1NsVlNPWnVTOVhrcXF2T0Etckx6d0NmVWlVLWxQWXk?oc=5
2026-09-05T14:26:38+00:00,Genetically modified pig kidney helps 66-year-old US man stay off dialysis for record nine months,indiatvnews.com,https://news.google.com/rss/articles/CBMi5gFBVV95cUxOanBUNTcySDlGcm1zM0d2aUJxZkNCY2hQMFRSSjdDblpvZ0lmdThlWnMyTjhQZ2hITkVSeFlINVA5bnNkT3JYUmlOR1JqSkx2eHJ1UTFuZ2RqQVdwdFgtZlRDMTVRWWdBbWVSTUFVNTNfSGFtemppWGJoa2VLb1lNN1NtbU54Y1dUV19GSHBBUzlZQWdzaEM0UnFaNXExdWNWNldTZlJ4ZHpxeEFPX0tGRG1ScTkwZzJrWmZmbDVQSXYxVC0wM2VON3pzcUNMc0dlWXBMSFA5UVlkUWZKOGIxUVd4aWtnQdIB6wFBVV95cUxQeUotUFFLTEdqS0hYaEEzV25pemJJMlZDTkd1cmh2bnJZSTVZanVYUXpqMEVMa1dOQlVEV0xtRkNVWEVhWW9YMllsQndwTkRLQW96MldDdndZNXVadTh3UjlYcGNmWmhBU1Q2c1FMZ2YtV3ZUQUs0ZHN4X3R1WmFWMXhKaUtnQWpuaDZLU0FibXZmYi1jVWNsLUVxemZGN2tQN3FqdkRMeGFUSDBhREotVnotV3lUNzdnbllMX2hZSHMtR09UdktWbEFFQTBqM3JGS1NrNlRzUk51V3BUYTYyM01HT3kyNHRZSGZv?oc=5
2026-09-05T13:48:00+00:00,Hombre sobrevive 9 meses con un riñón de cerdo de Yucatán; rompe récord de una persona usando el órgano de otra especie,MILENIO,https://news.google.com/rss/articles/CBMipwFBVV95cUxNaXR3MEF6ekNnMDZZWVMtbUJXRUJtZFFudmwzWUotUHJpLUhXazk0YjFKYkRpQlZZQm1OZEpaMHNwbVBIeGNGYWhVdXdveDI1MXdyZ3JReGJJYVZKdUlKYXNMaUtiZjlCTV91N1lBcDFWRlZTa2VXcGtodFZFR3dVQVZaRFNlczBKbXotMUhpejJ3eDRZME5UdVcxX3VMeDRhdkRIcU5pb9IBpwFBVV95cUxPVnE5ZTljUXFHUTJiekRKTDVDM2JkbTZ1OTY1aURLSGQ1ckdHanZHZHhVS0FmbnVjTF9kcjdSSHVPc05HU3VVUzRMckc1bTdFS0pPZ005Rzdkd0ZYclV5ekVoaktTY2FaNy01Mmx4b21oZWlnUmNpdXFlYWZHdGI1ellxWDROazVrZDlDTWVOdkcxdDhfb2J5VW5Wdl9hREVPQzhkVjVzbw?oc=5
2026-09-05T13:42:26+00:00,Vivió 271 días con un riñón de cerdo: un récord que abre una nueva esperanza para los trasplantes,Radio Natagalá,https://news.google.com/rss/articles/CBMiwAFBVV95cUxOcFAtcng2QkhwanVNODI4a2x6SXBKdkdsM2JWRnYyRnl3NnFyaDJzdGlUVmc1YkJRbzA4bmI5X19SNmNxX0RHR1F3Y3hlV3Jtd2VKVGNoTjhHVmZQNnZDcE1yQjFuTVRlSGtWV0t0M283R1EzLUdpeTM3YnBSNHA3ZzZiVHBVUG4tdTBYcEY0RE9rTndyazA5WVdzSExjQU00blR6a2hONXN1cm5OV2l1LVdxbHJFUjlZSTQtM1ZRbFA?oc=5
2026-09-05T13:23:52+00:00,Un riñón de cerdo modificado funciona 271 días en un paciente sin necesidad de diálisis,Diario en Positivo,https://news.google.com/rss/articles/CBMizgFBVV95cUxPb2g3X3IwNjdpclVNTUJiY3Q3MEUxLWJKMkJLQVY1SmVOYkZXUUhTdi1DT1JwclJQVmNfbUR3TEVsSTV0OG1xbGV3NlpiYzU2REx4d3FCTVNzd3JaSVhieFpRX0UzUmdHYk1wSDdCbHRMTTZza2paZDYwRUNqQTkxbFk5aHpLNUk0WTdyT04zNVRra1RSc3cxRC1aTEhVWWt5RkJZNThXTURCNmFWVmlZTjhRZGpBTmpfR1dmMm1za1ktMS1CT1Njcm9TbzI5d9IB0wFBVV95cUxPOTJjU1pwT21WSVpUZ3BsSUVsb2Q1dVNCeEprMkRYWlVrSU0xMjZ6QnJ6QXV4TVNmRjZWaUc4dzA3TDBrN3JJRXhlbTFEVDAxdlpwT0c0dXh1em0xQWlNc1IzX0laVXpYLVlwbjdvT3pBSUZIbEd3cGV1RlFCT0JtVC0tajNISjM5Z0NFWGIzNC12QjJtTnc0cWItWGhMSkE3VDRob0FRQkxGbktndmJNNk95OU9IMl9ucl9lTjRVdWZ4SWR5NUxJSl9MelNmS21BWFNj?oc=5
2026-09-05T13:08:14+00:00,"New Hampshire Man Survives Record 271 Days With Pig Kidney Before Human Transplant, Says He May Get 'Decades'",International Business Times Australia,https://news.google.com/rss/articles/CBMihgFBVV95cUxQczZWRzJ3RTJVQ2Z1a2RUQkJ3STFCQXNoUl91bUFIQmNPS1FERnctalNreTdXcHZIUU5xeVBWZVIwR1l0N3NET2VLTXRMbFMxTUR2dGVmVVo3SFNnQUc4cmVoSk9lSUFFeWNkVDM5a2JpSHdERTVjUDNDNkFsZHhwU0lpWkZtZw?oc=5
2026-09-05T12:45:27+00:00,66-year-old Patient Receives Human Kidney Transplant After 271 Days With Pig Kidney,Medical Dialogues,https://news.google.com/rss/articles/CBMi0gFBVV95cUxNckpMQS16a3N1N29PRy01czBlekpvalVDbHZsQ0xBTU40MjZXakFMRGhLV29HZDVrT0N3UDllOW80OFFsV3JoU1hCWC1QUkxISTAycjQ1UHEyYW5oRFNYbWx2MXJWaFk5VnNKUUFKbUtwV1lzeUxmelo4UDBtblpFQ2dzZHdzWlRXNW9kZW0xZ0tiWU5TTzhReERfNWM4VXB1b3ViUUJrYzBwZE44ZGh1YXlVd1Z0THdjUlBRQV9xRDBrOUFwTV9qejVPN3pia2d5NFHSAdcBQVVfeXFMTWFldUxnRDNDVWxMSVhaLWdMLWxtenNUbWZ4OVFtQW1aQVhBdkpMNXRBdmFnZlFYSjkxaHljUkVTRk5rT0NzZ3hFY1lhY0sxX00zNUFPdjRVano3RE9rQ2prM1ZiV3J1TVREZTE3cVRyZXdYUnBFVl9MbFlvZlJyMXNuNFJtN2M4enhxS2dRZnB0dGlPQnFxZ2JBTzFVY1c4dlJBd015RkF2NFptSHpUNkg4eTltVlpESWI1R2NDX3NCeGxGaEZ3S09OQmlvaFhlakE1TDNud00?oc=5
2026-09-05T11:40:00+00:00,Pig Kidney Transplant Gives Patient 271 Days Off Dialysis,ColombiaOne.com,https://news.google.com/rss/articles/CBMimAFBVV95cUxNZlJmb3FrMVlfRXNhZHFxZHA3c0J0cG52cVMtTFpVNGQyNEdlYVVablJLM2RWaWg1emZUX05iNzRMVUhVMDFWSWN4a3M0enF3dDJjQ01kNEVqUTVzR2xCY3p2TExDb3Rhb0c4WmpZdkM3cENyLUJxb1d0aXA1MDk3R0E1ei1hVTJEcXdEN3NtLTQ5NjRfS09vcg?oc=5
2026-09-05T11:29:46+00:00,"Pig Kidney Transplant: Genetically Modified Pig Kidney Keeps Patient Off Dialysis for 271 Days, Becomes First Animal Organ to Successfully Progress to Human Kidney Transplant",The Sunday Guardian,https://news.google.com/rss/articles/CBMiwgJBVV95cUxObnRESmlVdkZjNHQ4X3dTQ3Vsb2Z4aFhMUnRxa3lQMkJVX2FTVk00TFJ3Z2daM0ZGcWZuM2lNUEhHY2tfR25aQXRBMlNPMGFFeWI4dVF5RUQ0NTFQaEFrWXV5c3kxQTFtR0kzMklqazNBM1F3bzFWaVZNZVhmUVZmQUtpS2hrTGNES3l5c1FHMDFFT3dBd093VFk2SzJiaUFWU3NvcHN5cjc2VG0yMDBXWUVYN00xdjJ5WUU0NFF2UURYajFmRW51ZURBblR2LWFzY3dxeEdRLW5fLWpqczlNUnNCdlRRVDVlSEx6WUdWeDI0MTNrWGZPUmJTTzhOenVwR2ZjN0RPc1NweVBnQlBvbnNLdnkwRVEtbEJVUjY4SHdmZk1RckVZQlg0Y2xQTkM2XzhCVzRrY3hfWHZnYU5mQ3Nn0gHHAkFVX3lxTE82QmRfdVRNOHp1aXM0ZHFFWlJaU2c1SDJrQ0c4YnBRX2lyMEVyYmlLZlowcml4a2U3SlpocGlmRmtJYmVsa1lKVHVBN0d1NlBEUkdLMTVaYU90WUJyZWk3bU5WSlpSVUx0Sk5mcFN0VkNEOHBVUTBaamRUMTdFZXZjTWxOSEZORGxybUVHN3hyZUZzZTFXUmVXVTF4a1ZVRnFSVG11SnR1cmRJMEVJQ0RnWEhmXzhiMnlRZ2cyYlZETWV1Y0RBalYwMldHUmNlWldhSEx4eHRrNWNCQXNxZ3BjRDZBUk5YTVR0ZmpKQ29sWjE1eWRaeEc0VEU0OGZFRDd6ODR2SnZ5SktKa2dicloxZjl4RWNJOWZKeTRJM3VSdXctLXpkR3VFNjViejFORmpsbVBUTDlnOFpTTExjeElaVF9JaWtVRQ?oc=5
2026-09-05T10:43:26+00:00,Pig Kidneys In Human Bodies: Could This Breakthrough Finally End The Long Wait For Kidney Transplants?,NewsX,https://news.google.com/rss/articles/CBMi0gFBVV95cUxPQzc0dU1fcVNxd1M4V3ltSUhLWTNPcVVnSGpEXzZPNjlMRHdLTHFkamZEOVBfQzc2SGNFMG1JcHBFdnd5N0k4bzk5ZXdkMGsxMkp0Qkt6aFY5c3g1dl91U281eGtIX2lTSnpXaXk5SUpNSW1wNTBLVzRVa1dXQmQ0LWFVWnJtc1dHZjNyaVpnRkFkR2xqSTRDTDlLb1VRX3BzSFNvRk0wdTk3XzRnTFlpU0ppV3ByS1RPLW1XUzc0ZGI2Z3ZkV0w1cnFKRkktQ0RvZWfSAdcBQVVfeXFMT1ZsM3NfYkhrcEJaYl9iZ080aE1pajZzb0ZrOFpNYXZ4ZWE2OHhlbS1WVmhwdWRReXlPOHZrbTlibmNOOFlXZlZYcTdZUXBldWtqUS15YWROUXRtUUQ2ME9oT19rZS1acHVlTHp1WFZfYjRWTURmLWFvWENBRl96WXQ2NXZqY1llbE1ILVo3a3VfMjZvX1ZVWWdFQW80R2JaNnQtRnp6Q2dHbElRbEppUVNFa2tRN2pWM0MzMFhybmp4bFg4MzBHTVhLTjctZksyM0c3NU1NNnM?oc=5
2026-09-05T09:05:30+00:00,Sobrevive 9 meses con un riñón de cerdo antes de recibir un trasplante,Segre.com,https://news.google.com/rss/articles/CBMiogFBVV95cUxNY1lfMTc1cGs0cHZKWWZYRTk4MEl3UXRNMXppVlFvVG1RLTJ3SDF5TXFKeVp3OU40aGZYZzlKREt6YXpQd25UVV9oU2ZMUFYtbFk5TlZzWi1neUl3S3AtRDFBcHJaelNRRmhJZUhrdWlzZFdRVWJTY0wxMDlfdHRwdXRJa1JMVmRaMWxjZGU4ZWdnZzU0clZDQzF3MllvQWdRTlE?oc=5
2026-09-05T09:05:00+00:00,Trasplante de riñón de cerdo evitó 271 días de diálisis,24matins.es,https://news.google.com/rss/articles/CBMijwFBVV95cUxNYkJYTzhwRWQ4V2pIaVB4eWllS0NXblBZdHhINkhuakZWTGJ1SkNWWWJrTGlXZy1MV1p2bjJocEYxQy02WVdlRWxqRzcxZ2s5WG91WFFDX2NmZlV2Y1RCVnlseHE1TWt5aVN2SldUaGI2YUx5ZnZyXzBiREotaUJqdWI4WjJpWHpsVXBpN3dvbw?oc=5
2026-09-05T08:00:00+00:00,El riñón porcino sirve de “puente” temporal,Diario de Yucatán,https://news.google.com/rss/articles/CBMilgFBVV95cUxPV1dSYi1jblliNjdsUTkwVEk5YTVDZUVfOEVjVFd3OXdVbWtndk1mM1kxR0pyRWJQNGo2VVlJYVFEckROM1RjVlVGWmEtWVllcFZMdklUVVhBdEVFZjlFTU1EQXBZRjV1U2dlZ0EtcU5VNjNvTkR1V2lKcDItRlRpU1JqdHo5eG1HdG5zaXJkbWw1UGw5bXc?oc=5
2026-09-05T06:39:08+00:00,"Un riñón de cerdo mantuvo a un hombre 271 días sin diálisis, hasta que llegó uno humano",La Nigua,https://news.google.com/rss/articles/CBMirwFBVV95cUxPNkFTNFBOSGlXTThkQ1E3RWoybjhrY1c1ZS12UTRjM2YxTXVRX2hXdkwxdkRuR2dVczZJLWhNdnA0emZUOHJvRW9rcTR3U3drV3BaS2ZRSmQ3eXFncjEtNmY4UWg4U1c1ZEhKcDZVc1AzRGNPOXBOdThaRl8yeTNiN2lNd1gxb2hEUGdHUHlwREtZU0pYTE04TlFCSmRySDl3c0dDUjV2NWptVnduUWl3?oc=5
2026-09-05T06:32:39+00:00,Récord en xenotrasplantes: riñón de cerdo trasplante logra 271 días sin diálisis,Merca2.es,https://news.google.com/rss/articles/CBMif0FVX3lxTFAzLXRVazBVdkVBWi1pSS00bUg5bUZPQ0VCdTlDVlpqYll2eUhQRjFNallvZ0FCem9lMlZXTXRkWG1EcHBpcmpldzhJV3RxOUpPNGpjTllxaWJNVlBRSWEtZTdrQ2cxMnZ1OEpBV2hCUVVjZUd2TWJrMERZdnVRQTg?oc=5
2026-09-05T06:32:02+00:00,Rare archival exhibition on Uttam Kumar's birth centenary. Watch the video,IndulgExpress,https://news.google.com/rss/articles/CBMiywFBVV95cUxNYnlhbzVob2xQME5fczQyRnc1UTdXSDZ3cWwzcXlZQzFLalRCZC1YNDhIYk9nSDFvckhEenVhMTM3YlcxdW5CU3RlNUoyRU1JWXRaTmpOX2ppWk9qSVd3UXd5SUdKa0o3aU9mYXMxUkVKZkNBZXJzWTMxUm5iVEhwOXBBNjN6NUh3X2ROaFdrS1NSanVJdjNFbjdndGhOaWwydmZ3VVpBWHZFWG1ndjQ5SjBNSll1ckszUVBsNGwtNWF4ODN0dVppU0VMd9IBywFBVV95cUxNYnlhbzVob2xQME5fczQyRnc1UTdXSDZ3cWwzcXlZQzFLalRCZC1YNDhIYk9nSDFvckhEenVhMTM3YlcxdW5CU3RlNUoyRU1JWXRaTmpOX2ppWk9qSVd3UXd5SUdKa0o3aU9mYXMxUkVKZkNBZXJzWTMxUm5iVEhwOXBBNjN6NUh3X2ROaFdrS1NSanVJdjNFbjdndGhOaWwydmZ3VVpBWHZFWG1ndjQ5SjBNSll1ckszUVBsNGwtNWF4ODN0dVppU0VMdw?oc=5
2026-09-05T06:20:42+00:00,Un riñón de cerdo permite a un paciente vivir nueve meses sin diálisis antes de recibir uno humano,Demócrata,https://news.google.com/rss/articles/CBMikgFBVV95cUxOVUZTVlpBZlh1TXRieV9iLVN1aExzV1doelE3TE9Da2syYnNyODkyZUVUODlwSkZ3V0l1Z0w5X1ZtVXJrSWJqdV9HYmJYcWd4aXkzZFplTGJVSVB6YUNYbVZKaWs5UUhtUWVGYUZqYW9XZkROOTlZeEF2blR0blZiNUZWTlB1Y1lEZjEzUjRsSWJYQdIBlwFBVV95cUxOeXlCTHdZRXZCX0JwcXcxSG4xSFY2Sk9wZXhtOEJ6cjB0Tzc1NXZ0Ml9XcnUxckU3cG1zU3JZS00zNFJzOWQwSWVHMW5DN3V4eU5Ld1kxSGlVVGdubW9HUk1td3JoU2t5QmhJR011QnNhU0FpZlA2Si1mbURfeDQxY2M0bWtGUncyY1ZPcmI5RVo2V1pQYjZV?oc=5
2026-09-05T06:20:42+00:00,A pig kidney allows a patient to live nine months without dialysis before receiving a human one.,Demócrata,https://news.google.com/rss/articles/CBMi0AFBVV95cUxPUEdRRlpzNGR3eTdfbVFMSjc2a2NRbDl4Yk9TQk11S3NTQkQtdFdFb2tNVmg4REtKRDZTM0ZCZVZfSW1jZkREZENid3d2bmZVWlJDNy1XVzBBalM2TUtEaGhGNktkSDg4OXotQVQyNUNmck5wTW9nb2psQUhKLUVwUXhxdjFlYWhVU1JybmRqaS11ZFZkU3RFWXIzeVRESGFlU2xMbTJ4Zk5PY2Nmb2V4QVQzMERsT01qLTBGSzNsOEprLUJrSzN5SFkyMGxZdEln0gHQAUFVX3lxTE9QR1FGWnM0ZHd5N19tUUxKNzZrY1FsOXhiT1NCTXVLc1NCRC10V0Vva01WaDhES0pENlMzRkJlVl9JbWNmRERkQ2J3d3ZuZlVaUkM3LVdXMEFqUzZNS0RoaEY2S2RIODg5ei1BVDI1Q2ZyTnBNb2dvamxBSEotRXBReHF2MWVhaFVTUnJuZGppLXVkVmRTdEVZcjN5VERIYWVTbExtMnhmTk9jY2ZvZXhBVDMwRGxPTWotMEZLM2w4SmstQmtLM3lIWTIwbFl0SWc?oc=5
2026-09-05T06:00:25+00:00,El riñón que vino del cerdo,Diario de Almería,https://news.google.com/rss/articles/CBMihAFBVV95cUxQaDZ4X2JNd1ZIY0ttcWVicjhrNFRkZVNQcTdZTGotVDBmaV9uSW9wUS1lUGh4STQxSlA4SWJFc3UzV3JQOC1zWFhScGtqaVpsVi1sMzBWcHJSSnhxVURpNVJYdFFxV2Y0Wl81QjdxbUFWVlpzN3IzSEVkajJlMktqd0g5TVo?oc=5
2026-09-05T06:00:00+00:00,Un riñón de cerdo mantiene con vida a un hombre 271 días,La Región,https://news.google.com/rss/articles/CBMinwFBVV95cUxNcnlkcjBDYWNrdWxWTjJacVZmNW90ZnJncFFlZUJYa1VTaVR2Uy1rTjdUNkFmNlJUNnFEbEh0U0NLR1JIZ3lWVUZDZDBkRVBWbXJfajE1NEFIQTFzQjNSOHNzZVNRdHVpazljNUc3aUk4bHV2UVlTSXllS1M5Ty0tOEdmdmxiLVhrcTI2bDU2Ui1ydEQzZHR4Y196MkNLenM?oc=5
2026-09-05T05:55:37+00:00,Un riñón de cerdo modificado genéticamente ayuda a los pacientes con insuficiencia renal a evitar la diálisis durante 9 meses.,vietnam.vn,https://news.google.com/rss/articles/CBMiowFBVV95cUxPRGloY2s5TnpDdDBFRFFtdGVBWHNIOXRlaXAwOGg1bjJNRW5sX2dHcjlzYTUyZWJ2bVV0QlF0MWZLOGZKSzZlYmJFTGZYdThoU1BXQ0FyS0hIdENBQURCWjZRbTIyR0lUb0plcGl3T3NmOUY2bjdWMno4ci1nc3lOX0hzWWRWRjBPeW0yWDFnSmEyVDQtMktFM01CU00wMXA1QTBJ?oc=5
2026-09-05T05:14:37+00:00,Pig kidney keeps 66-year-old man off dialysis for 9 months before human transplant in world's first,livemint.com,https://news.google.com/rss/articles/CBMi7AFBVV95cUxON1pVbEU1SGh5T1NJUlBZRUVJNmxmdVNPaldJR0FhLWllaGNuZUJHVlRIYmNPdlhUd3Bra2l1RFFob2NlQ3JNOFJMOGZmbGRVM09NQzEtQjFmSUhYVE9WN1F6MUU2MkNUYnVZM0ZZMmRJVzZDQ3ZGQ1Z4LXV2V2VxQUF0emVaU1kwZmJ5dERwNkpMWUMwMzJrRkJjemRTYUtIdFhwRVFNNVZ2MlF1NkR2MGJuLUZNODByM2RLTGJvM25SN1JFZi01b0RBc3hCQ1d5VEZvVXVUb2VxcVJNQ3hmX0cwSWRKcFROcThXVNIB8gFBVV95cUxPVzVmQTFBd2tyZzE4VFlGOWxIcTZQNUR1eXVvVERZdXhzVjJ3QXhGU2gyenUxTHV4YzEzR0xId2tfNmJkNnNtaVZUWUNmVFIwVXRuclFJaWRWazhNc3pnQlM1Z1p6N2UxT1lsT1Z5Wm5RcmN0SEZqTDZpY0ExamJBMUp1bDVSX1YtYW5fQnZRaVFJLVhNNmE5ZHRsVWRDNzVUd3ktQ29tMDhMNE93aHFUYTR2MVFFRlV0V3JKWC1LYXdYb21KbEEtYmNDalh5ZWxuMVBDWUtUemhDV2I5ZVhtcl9GRzFTaTdCWnkyeXl1NDFsZw?oc=5
2026-09-05T05:01:31+00:00,An American man who received a genetically modified pig kidney and lived without dialysis for 271 da..,매일경제,https://news.google.com/rss/articles/CBMiUkFVX3lxTFBWZjdIVEhSWlVsNWowMDEyOU4wd3VwZEtjeVBQUVY5OGZYRVFpTWM3azBOemE5TjZBbVA5TWdrcUxMV0ZjTGY4cDdSeVBnVWJaT3c?oc=5
2026-09-05T03:58:48+00:00,Kidney failure patient survived 271 days without dialysis on a pig kidney before needing a human transplan,The Economic Times,https://news.google.com/rss/articles/CBMi3AJBVV95cUxPN2xFQzdyel9vV21yOFh6Wml3YlJmdGhOSXlHbENrb2ZiYVo1dXpHTVFiVG5HVk9Tci1lcFdRREJHR3E3Mm5fRERBbVpMWkdWejM1WGJPWktDOU40d28xZ3JQQ1JWZ3hTRHBpbC1WRDI5Q2s1aEdEVE5hNVZ4OWJETm84QjBrb25aUTJ6NC00WmtYM3dMTjBMdFA4bkhoemlnSF8tZHlnZjJhMWp2aFloNUR1SHhhN2ZZdnhWcnlSOHRLOVBMUHNTUFM2R09KRHpTdFV2UHBWcmUxQWgxeXI2TURHVTBzaFQwM09xX3Itd1V4a2tQdnZIZGFmclVjZmMwcjM5enppZnZzMWNvN3JJcDBhbU5tanpxUGYxTUVtbEpIZ0NFcWN1dDFwSENGN2Z3MWFGa0JXZHJGOFlER05kaHFkblFyYWtGUDlhdHZjWUgwMzdWMkdLSmJ1N3bSAeICQVVfeXFMTVRTbEJHcDRhY0FVSVl6X2tCRDNKbEphTno5TzRiRkxYaFBlY2NtTlRwN3BDX2VLMzVzRkVYd1NOZE5TcjlSRXJOd19tb1dfUXN5WkI1Zkh0RW04Si1vUFIxSklhWGhvVXcwd2RyU1ZjLTFhZlkwd0NFeUdfWFF2V1k1T25LUFhvZEZJb0NBU0E4RDdOVGp1N2c4cVpiczgzUFMtcjBTOGlNRmExdmhORHNKd1YwdWNHOEs3dU9nSF91T0tQT3lzc1FmdjhmbWlTVk9HMnQxZENYNzR2WjdqYXp5cGtyRERyTWNZVzNkcm9nNHFUQlVRc3lKWDU5dEdWRU9OOXN3aDRmNHNUVl9BSDgtbFctR1NvZGtzRjJSYnFCUUh2R21jSW9YZVBzeFBCVURPamptS1dtd3BjNzNaTmhLM205WW5ReDJrekJKd0lWeU00b3Y0V3JtQUFWTGU0Zm93?oc=5
2026-09-05T03:25:20+00:00,What Is Xenotransplantation? Pig Kidney Recipient Tim Andrews Successfully Transitions to Human Organ,LatestLY,https://news.google.com/rss/articles/CBMi_AFBVV95cUxOSE50X1hVeVpQZTZOd29iMVR1N1V1ZklFbGtlR3MxbzhRemxqTFhkbWhxMU15cG1OMzZFYkFfOXdNLUR4c2IxV0JEaVRGdW5aN0cxZnhtY0pVUjRPU1pXZ04tYXZEdTBrdnRnUG8tNGJaNHdqZV85UXlwYURDS0xLNU5QS2trWFQzZWVZTlQ4cnNrSUlIc3g5Z0V2Z0l3WFc3WmFtWFdBZnU2VEhIaU1WbldwS0NYR3pNbnBneW5Kd1ZXV2xHN1c0T0o5aHBIbjBhcGNkcG9tUDJ5dHM5ZzRySzl6MDRhTFY4ZjlLUWxRQlhrMkdkR243WTNpbi3SAYICQVVfeXFMUGlic3FnNnphd1dpdVk1YzYxa3ZldUc2WjlkSWVDR0Q1Z2M1QzlteXNGbG4xS29YYXE0a3RTaDNhb21ZblB3dzF6a1RoSzk5ZDV2V0hkWWlkVDNaMnBDNVk3MlNoSWVaMGs4ZlRPOW8wWG5udFFqeTJmRGdDdXZJY2JSTkxMVFUzQURDUnVad2p5MFVuQlhwckdXeTVWclcwRVpMd1dQRlk2aU1iVERGanVwNnByX3RkdTNxSlNqd0JabS1Xa1VHU1ZuRGYzdTlSTzl0NHRjQ3owVGllWllUMkFpdXFKazFSYXFSS3pnVTdnOGE2UUpMOHprNVplLXZOMDJn?oc=5
2026-09-05T02:33:29+00:00,Pig Kidney Works Inside Human for Record 271 Days; Patient Goes 9 Months Without Dialysis,Times Now,https://news.google.com/rss/articles/CBMi3wFBVV95cUxOX1pNRGQ0N05KV0RwN09Ka3pPMUZsQ2paM1JvWDJRbV9TYzhkZTllS0l6WHFaVjMtWWlKWF9RRVJwZURrYnhqNTN6ZmMyb2JBdm5LTG9QSjJuVndyVGNQZC16T0RTTlFaN2IxalRmZ1MxZ1hVQXA4S245bXpFdFJ4QlVBdU5aNGVZZ0xaRFd1SjVSVnZJandzaDhMbk9JXzNrM2dsbWdfSXFIWFVMM01zZjRiZ1dTRllEM1NPeTZGRjh2UFI0Y011M0hRbllWaHVoYXNGQXdpS0dSUVNGaFFj0gHfAUFVX3lxTE5fWk1EZDQ3TkpXRHA3T0prek8xRmxDalozUm9YMlFtX1NjOGRlOWVLSXpYcVpWMy1ZaUpYX1FFUnBlRGtieGo1M3pmYzJvYkF2bktMb1BKMm5Wd3JUY1BkLXpPRFNOUVo3YjFqVGZnUzFnWFVBcDhLbjltekV0UnhCVUF1Tlo0ZVlnTFpEV3VKNVJWdklqd3NoOExuT0lfM2szZ2xtZ19JcUhYVUwzTXNmNGJnV1NGWUQzU095NkZGOHZQUjRjTXUzSFFuWVZodWhhc0ZBd2lLR1JRU0ZoUWM?oc=5
2026-09-05T01:43:09+00:00,Récord en trasplantes: hombre vive 271 días con un riñón de cerdo antes de recibir un órgano humano,UnoTV,https://news.google.com/rss/articles/CBMixgFBVV95cUxNdXY4c1JMWDBrSE10VXFnVjJ1dWNlNDROOVNtbmFma0lFcElNWVdfdUZjM1d2cV9XY28wanRTUHlIMDJXWVpOZFBiTlZmcFRsVnl3MzVCZW1LWkFackhlVUE0Z01IbFo1YW1ETW9UVDlxMnZqOFl1ZWIxcjU1bEFXUnQzcE4xYnNnYmtfT2poWUF6TDhGbzEzLV9ZbkQwMUJDaWE4ZlRhZHZWaktXc0Y2TmZ4V183QUlLWHVQUHROaGpndl9Hd1E?oc=5
2026-09-05T00:00:00+00:00,Spatiotemporal Nanotherapy After Myocardial Infarction: Targeting the Inflammatory-to-reparative Transition With Extracellular Vesicles and Engineered Nanoparticles,Europe PMC,https://doi.org/10.1007/s10557-026-07950-y
2026-09-05T00:00:00+00:00,The Future of Xenotransplantation: Are Pig Hearts Ready for Clinical Practice?,Elsevier BV,https://doi.org/10.2139/ssrn.7394538
2026-09-04T22:51:48+00:00,Récord médico | Un hombre vivió 271 días con un riñón de cerdo,Nuevo Diario Web,https://news.google.com/rss/articles/CBMixAFBVV95cUxPSVdadXl6M0t6NEotUzBDVEp5NXB1WXhOOEVzcW5uNVJjV0l4VUFLc1VjT2VuekZmOWZLOVM1MnlpNFIxY3lkVVNSUmZKcXNkSEJCOFRaMzFJN2RuNTdGTzJqajFYVk96SXNSSWh5bl9fY3cta1EzMlBmVVRMd0JJYl91TUJHOTZyOC1fdXl1ejhZd21DY3YxRnJpT1B0eW1nbXdLNFVfSFEzY3NJN05qR1lwXzdQQ05Pa1JlaDZEYjVQZ3gx?oc=5
2026-09-04T22:43:00+00:00,Concord man receives human kidney after pig kidney transplant,WMUR,https://news.google.com/rss/articles/CBMidkFVX3lxTE00ZEdIcElwOGRZSFNiQzJLLUJxY2FFSjc0Tm1tSmM3V3V5c0xDdGRXRWZhQmd2V250OFJqMmhNVzE3LXNaOVlTUHhvRXdMRms0SG1EY0JlQjZJSmhacTBVMUM4WmFMWTlWY0lzTTVrM2NkTlZNU0E?oc=5
2026-09-04T22:12:57+00:00,Vive gracias a un riñón de cerdo,massinformacion.com.mx,https://news.google.com/rss/articles/CBMickFVX3lxTFBsaGdybnZ6c01qNDdDUVY4TERGWl8ybkp2dzhFczdGVngta1NJR1NlT0xLRFhUdS1zbkg5U0N6N2xiWElaZWR6OThPS0J5WTN5VlNTa3ZDelZxREhabmtCTFJwWVpyb2trd2RlcjVsODc5dw?oc=5
2026-09-04T21:15:10+00:00,Un paciente sobrevivió 271 días con un riñón de cerdo trasplantado,El Eco,https://news.google.com/rss/articles/CBMiqwFBVV95cUxOV0RCby1yNmN0VjlpdFVMWktqaEhKbzJkRnNsTzVoRk92dUdmOFRoRVZVenFRS1JyM2NqSzM3VVE3aTI4Q0NBMURrNlRrYWY3N3plWVNJb2pTckNzNXVaSDc0RExLbHV3YjYtMmw3VWlraE5sQTRicUU0OGt2RGFmVHFkQU10U05fbVlvWjhVQjRSaFFXN2R1dTJDQ000Nnp4TVE4QXI3ZTJFUk0?oc=5
2026-09-04T21:08:26+00:00,El hombre que vivió 271 días con un riñón de cerdo y marcó un récord,sdpnoticias,https://news.google.com/rss/articles/CBMirwFBVV95cUxPQTA5TGhXcEVCTzJDbllLYTJlTl9rUDY3NFpFbTdDXy1zUVNoOGIxQTlicG1IVkZRdjEyNEgtcGdFNURZQjNzWWFhLTM4YW56M2Y5TDZ3QW9EUnFFRHhtY3pNVGY2MWFDMzlUblVaN1FmMWJwYXVBa0lYYXFfUHpmSlk4OXk5YUMtc3ZjX2F1SGpOSE9ZMS0yWDVweXJEQlg4Um9aX0xnaS1ObExkb1J3?oc=5
2026-09-04T21:03:00+00:00,Un riñón de cerdo funcionó 271 días en un hombre: un récord histórico para los trasplantes,Contexto Tucumán,https://news.google.com/rss/articles/CBMi1AFBVV95cUxQYUNnLU1BWEhvWDhXcmdSM0Y5bWk3d2lkT0Ryb0o4a29Jam1nZVJDdWdwakl4TFpDRXFvenJLbVRzTW1OZEdoRlRZdHZFQTl5Skk5UUJwYVRzazYzREtGSHVxb0M1UlRZejFXX1ZidzltMlF2eTA4MHE1MmJnVXRZUmM5ZXFkdTRXNzVyMGpqQmtUZEltNjZSNTllX3hWTk0wT3dxYWF1VHM3LVVQY0lkelRIcjc4RkxvYTFWOS1wdmM0bFJsQ19kdFh1ei0wa2ZFQkQ4VA?oc=5
2026-09-04T20:42:04+00:00,"Tim Andrews dijo que el trasplante le dio ""esperanza"" y le evitó meses de tener que ir al hospital para que le filtraran la sangre con una máquina de diálisis 👉 https://bbc.in/3TcL8mw",facebook.com,https://news.google.com/rss/articles/CBMi4AFBVV95cUxNSlk3ak1RNlI2MkJ1V1hlQzJiOFZpRzNYSnRmNl8weXZwZG01dG1pZVZjb042RVBmcjBrQlY2N2dWd0dyaGcxclFfbnMzUkk3UXZOdjUycGxoSV9kdHZpX2o4bGEzNUlSWjY3QVJaXzY5LVBELWI2TEZQbkhjekExemN2Z1hpakg1ZUh0RVZCaS03dnRGQVliZWZ0WWpOUi1wUjdaLVgwMmpTM1EtaVlvRU1DQUg2VEdVVWpRRi1qeFhFUllMVVJqTzg2M1NwRW80bUljV0RnOEdnS3NINnB3aw?oc=5
2026-09-04T20:33:27+00:00,Pig kidney works for a record 271 days inside the body of American patient,NBC News,https://news.google.com/rss/articles/CBMipwFBVV95cUxPS0pVRVRmcUE2eHoxSUtyQzRKRkIyZ1ZFd0l6NXB1c2NrenliLVd3X3pJQmg1Sko2eXFrbk5Qd2pxcVRLam9oWi01RTh4LW54UV9MQUt0cG9EZ1FudWtBOU9lMXZQN0wzVEh1MHdjdmFmQnAyOWxYVDB3Qm9FaHVLR1JCZDNxVTNsMzFkRk1nem9GZnRxRTBuQjN1OFd5UVpITDhveWdKYw?oc=5
2026-09-04T20:31:35+00:00,"Pig kidney kept man alive for 9 months, then he got a human transplant",Deseret News,https://news.google.com/rss/articles/CBMizgFBVV95cUxPeUtESjJEU1lIUHh6LXRfd3l4MjlBSHdlQUR2YkRQaEh0Z3lRRGYzeTI2V3VNblRCeVQ2Slh4Sk5palpoeDNsamVhNXJYUTRjb28wbE0xUlBPdTdvM0R6S2hxRE1maUQ1RnNzZ1dCc3NqSzNNTWdCanFJWlRMZDk0dGh3T3Nnd3p2TEpSZ3Q0WThDVXB5MzhUOGtoLTd3Q2l1cm9ud2xwTmtRaTNHMmFzUGJwaHBpelRMMXdqcHFvVHkzaDJpc1NuMDI0ZVE0QQ?oc=5
2026-09-04T20:29:47+00:00,Riñón de cerdo funciona 271 días en un paciente y abre una nueva esperanza para los trasplantes,Revista Merca2.0,https://news.google.com/rss/articles/CBMivAFBVV95cUxNaWIzX3JkbzlnTjZwOGw1Y1lycVdueGJEekoyNVlpOEVwVFpjN1FwampUSVczRzhKdmtfVlFWdHY3OGM2b1JNTnpLVWZWcklPNG8wajk2RUExcGh5bzB1Rm4xOXpTaFpoQjYtTElRTTVYTHU4MnRUOVVEbk9QT3I5MjMzeHdmWWowLTJ3NGswOTdDUXVEY2ZLU1p6M1B5dWNjOTRtNDFLZTdHYWxpSDc5bGJpQUFyY3phV0R1SQ?oc=5
2026-09-04T20:23:38+00:00,Avance médico: paciente permaneció libre de diálisis tras un trasplante de riñón de cerdo,losprimeros.tv,https://news.google.com/rss/articles/CBMi4gFBVV95cUxQeDNmOTZuMzA0aEhpY1Y0MlRVako5TVd6bDBhOFdxVjJ4dl9UOVYxaU50Q2Qza05lSFFBTHVScUx3YWNMbGxWS0NMZXRTdGhfT0d2YV9WVG95YzhIQzZYQWpXTU1STHROTWxLeHpmZWZwX21tZjJGdlBnc3ZsWHE5QVp3YURleWZ0aWdROHdXaTlOTnFrcEFOb3JZVl9QYVpUN0R0cTA4c19QSkZuRVBySTludjJjOWJkdVQ1bkRQcjJlcEJESGdlZjhsM0NscFBHd1JCRWM0ektoNEg3QjVmMzhB?oc=5
2026-09-04T20:15:54+00:00,Woman Sets Record Living 285 Days With Gene-Edited Pig Kidney,GreekReporter.com,https://news.google.com/rss/articles/CBMibkFVX3lxTE9SOGtpN0VKWlNrZkEyYktnRGFpX2tSV1MzamtWcWxSZVIxXy1CVVdDRFJtMGl5THM1NlVmeGpsV2lCMkJhNmVrV2hoSUlScUhZa1NOMnZqU1QxV2txdHI5cjJpR2NHOE5weU5Xc1F3?oc=5
2026-09-04T19:35:00+00:00,Un hombre vive nueve meses con un riñón de cerdo y marca un nuevo hito en los trasplantes,Diario del Cauca,https://news.google.com/rss/articles/CBMivAFBVV95cUxQNUpPbWw0ZlJqVDVjanFZaWtLZFRSX0JfbGJWNFlPX0RrQ3NPdF9wRUtFT2lTb2dZRHVval9fWkVXakdPaHN0ZnhKTmpzbjRrdjZMQTVjdjNGOGYwQXpzM2Q3NzVEeUQtanRIYnBqT0dxZFMyN0JmS1F0czY5NU15NXFWMDQzaWtYN09nczN0bVBSSVZwYVJnZEZtN2Z0UHBiZk91TGp5andqdmFoaDNlaTdxMmFFWGRHcEJQcg?oc=5
2026-09-04T19:33:00+00:00,Un paciente vive nueve meses sin diálisis gracias a un riñón de cerdo trasplantado,La Bandera,https://news.google.com/rss/articles/CBMidkFVX3lxTFBvb3RfTUx3bWZVcmF3THlhSl9HbGdfVE1wZU5WV0ZReEVENW9aaVZuU0N3VFdKaUpVLVZMYjZjdnV4djNka0tWZzFpdnJwbTJ1ZUpUanJCTEk4NVhlTGxzOWZLLUpMdWxGZnBJTFpXbi1kRWpRY1E?oc=5
2026-09-04T18:50:45+00:00,Un hombre sobrevive nueve meses con un riñón de cerdo hasta recibir un trasplante humano con éxito,EL PAÍS,https://news.google.com/rss/articles/CBMi5gFBVV95cUxQSjNoYmhycEYzQnVGdDJJQ1J0SUs2Y0lZYzhHc1piZlBxWjlZenFBTmM2RVhiNURoSU01UGRQdXZHSjRJQ2o0aV9pS3RhbWJ4VFJRUXR1S0ZhdEJ2eXMyU1ZFcV9ZM2s4eDB5QndOVndfWWx3QU83SWtRcHRFNG01cVdOZFZFYjJJVW9BQXZtMXFoQUEzeDlWRkFQcV9tN0t3aGxKSmVTNHJ2Ni1wMl9IM2ZMdlhyU1FwbDY4LWdMcVBkV25lT1BpLUtBUmVra2h0TElXQ0ZMTHhrWjNFQ19DVmh3TmpKQdIB-gFBVV95cUxQRFBjcHRGeGtOak13VGtvelh4SG1MdWRDVGZHWlhFWlpndXFlN2F3N09UVXFFNmtFYnB3dlJiNXMyN255cUxmT244ZHZtVmtIcjhQVXphbUExN0swMWN5RUdVZkY1bWVqcDRQVUpDMWRUWTg5VUpnUERld2NVLWxXdGJEQzZDN3hNRGo5M1ZsTXRkQ202emplUFdYZ3IxSjUyenBtdWxINS1kWTlzQ0p6cGlYN2xYSmxHQlM4QU9lTlU2ZmpsalFJZmw1a2dkYWpjcnpHTjZuTkRhOFI2NlVoNXVTemo2X3FlbnBIX3ViX0w2NWdfNy11Y3BR?oc=5
2026-09-04T18:39:12+00:00,"A Pig's Kidney Saved This Man's Life. The Transplant Tech Behind It Could Save 90,000 More",inc.com,https://news.google.com/rss/articles/CBMixwFBVV95cUxQRHh2cEY2dWswQ0syNG1kVlBYZi1mNDJBZ3VYSFF6WjdvVHZ1cDZQbkRGTVBPbWp0Z3NYWEtCdGEtTEdIeUhQTXpJVGl3a1otMTlVV1V3N3AzT0FBTzQ1Qm5WTlZSVHlJTmR1TF9nTkZaZE5KMko2ZDR2SmtRVkpUUEFzazMybVFkR2RoVTQ5cHctU0xvZ3ByeU1uOWJoM1otdnV6Y3lZNFZ3eHkxNTJydTNscWdwWnNEUEZlSTFMMWxZcGoxb1Bv?oc=5
2026-09-04T18:37:00+00:00,Gene-Edited Pig Kidney Keeps Woman Off Dialysis for Record 285 Days,finance.biggo.com,https://news.google.com/rss/articles/CBMidkFVX3lxTFA4RXVka3lQNWJrUUxGUjhyc2hSbUtCLTJkVTcxMWFZNTd4SUZhWFBEc3JWS2tWMWh3N1QxckNBRDBPd19GUmlIUmt4Z0JnTjZfVEU4MDVBU3hmOWRMTDNMY2pDQXFIQjZkR3VVdy1zVVR4M0JhZXc?oc=5
2026-09-04T18:33:00+00:00,Un riñón de cerdo modificado genéticamente da nueve meses de vida sin diálisis a un paciente,El Universo,https://news.google.com/rss/articles/CBMi2AFBVV95cUxPeFJxY1o3alNKMTJJUjBwOHU3bC1tN2VzX3J5MjQtY01iNkpqM3EzN3pvRmpCeHB2d1d4SVhKTGx4cGNMOFRBeUxSa1VnUkM5bDIyM3VaNTk4UzRaWl9nOHB5d0tsLV9TX0QwYWt0WHJKX2Y0X0l4M1RUMTl3M21WaHNRZmNtUUNsTHJ4bGRacGJKUTFlU0tHT1VFaWt3aXFmclZZQi1lNUI2aC04ZUxKNmVNZUxPZE03cldfSXVkVUhGRERNMUFyR1IxNER6cE5oVzVaU1N5RlXSAewBQVVfeXFMTlpodDRwdExKd3M0Q3JGdTFFM3hpbVJuWkRQWFZrYWVrVEQ4OWY2TC1ManJKQVlNRndteUNfYmNmMFJLZWFnZVRuUmZlOC1hWkxBNzM1bWthWkhYS091cTNIeDllZURQRmRyMVVWeG8yRWpVa0kxZkJvQ1poWk1sd216SXhzMVB6bWpIaTVUUHRpdDVqcWdETzk0MG56cW9HTndWQ2F0d050c0ZvQng5dzJrOGlfM1ZHM0RjbzlEOTMxLVhwUmNHWUUzYzdodjVuajJiTjdzSjV0dEc5SzBtM0NFTlRRRENhc29xOG8?oc=5
2026-09-04T18:17:00+00:00,Un paciente rompió récord al vivir nueve meses con riñón de cerdo genéticamente modificado,El Espectador,https://news.google.com/rss/articles/CBMixAFBVV95cUxPRUNxNmlOVHpBUFhHNGpGc0E1QzhxVUJEZzRRdzE0TlZnWFR1cExwQU9sdjRDejZ1eTBldHZkY05qTEpqRlBVd0RlS3pVa3dzTDdDVmdpT2FnRDhUOVRnd3pGV3FSeDJsZExhU3c2a19oYVh3MGJjRFVsYmdWX1RURWt6Z1E3Z2Z5eXBYNlNaWGhXb3hiZDhYVlhMaXd1NDhsM0pVZVgzbzBRMmNHdlBmS3FuYjlwZEFlTjNrbzBfUVYyUXhP0gHYAUFVX3lxTE50Znk0emg4RVJLTFJyVGNZN29oVVJfMExOOWYycnAzS3FCWV94U2ZiRkRGcm9fbGJNYjZERXBtY050MGxyWmFsejNJdGkzSzh0VHJxLUJPV09wTVhQY2EtU0xmTjZhSTVtakVnbHVqYmxHNjM4Sm5OLWx1MWNTLVY1dUJkd2lzazdYOW5lUS1TYlc5ay1oVWdMLTNseUtXalR1UGtER29QYURpWlJnSHBNdUYtNlpHMnEtNm03bWZ3ZGcxWVlHaC01TE5uclA5Ujcwa2tHZmZ2MA?oc=5
2026-09-04T18:12:00+00:00,Genetically modified pig kidney keeps man alive for record nine months,The Guardian,https://news.google.com/rss/articles/CBMitAFBVV95cUxOc1NwWTRLdzBDR2VIZUJzVjdLV29QWTZRd0VxWEx0eEFneTRGUXRqb2hCWXJnOGJTY2R5bTVEUXJORVlBbEdqNUFORjdmWU9LUFM0LXliTE42czFta1dOMV9FZUxPVUJzR0ZCRWNSRlBDSG9hSjBhT1pRWUhyLVZZWkdOYVhqTzFINmZNWXNPREpIU3FDdnhieTQ1bGRxUHNlLXhhNjduNTlsQUhaUzVpVEp6TzI?oc=5
2026-09-04T18:10:00+00:00,Un hombre vive con un riñón de cerdo durante nueve meses en un hito mundial,independentespanol.com,https://news.google.com/rss/articles/CBMitgFBVV95cUxQclJpT0h5VmxiWEhEazlNY3N3eDJQd0NfdWZ3NWZlaTF5OTl1ZFducnFybmRCY0ttbWhUTkN1Z2d1Tk1idV9sT3VGWXZ2MGFLOFA3RW9abENpVjIyaW1Ma205YXdoYlZXdTRaYndOYjNzYlNfU3JlZ2MxeG13M0hTYTJpUDBjdEJ1REIwRWF3MzB5ZklvR2IxVW90eTdlM1daR1J0QzZkX1JsaUlROTU0eGVWZWYzdw?oc=5
2026-09-04T18:07:00+00:00,Nuevo récord: hombre vivió 271 días con un riñón de cerdo mientras esperaba órgano humano,El Espectador,https://news.google.com/rss/articles/CBMiwgFBVV95cUxQUWRMTno1MnVONGtxLUxGdFh0S25yVmFHVEhFdDhqZXFaYmJFRXFCMFUzMkt3M0lDeGZCOGFJNzVRMzJ1WHR6THB4X3phcUtXZXNsaTJSSUowLXdMY2o4aVZVLUktQVNzaXVOR1ZMTVktRHR0WkVEeXRSWElERFg5d1FFb1JCNXNiWVVvOHg5RlpiYzd0TElZb0k4RmhkNTI0VXp1a05fcnVNTl96UXdSX1p2STBQUXY3UTNHNEVIcXUzZ9IB1gFBVV95cUxNZmNJNk9Nb3ZXWGQ0d3FHZTh0d0tlQVpMdjZ5aGV6RkVBem9aa2x4Tkk5dDM0aW1TXzJObTJrRU5uR1pfd3RnQjRNbzl1VUNWUURUNGNDV2pHc1M5MjFQcVd5M0RQaGRIaHM4UUduQ05DZklLWi03WThYaVJ5Q0lzQVduUlg1ZkZhd0RhMnBaSWx3ZEpmTDViTDljYVRTUzdhQVBRczl2S2FPR1ZVdVNGYVRObE5lSDczZDd2TnRqb1dMODluQk55SU5RM0dlU0oxcVNmbm93?oc=5
2026-09-04T17:33:09+00:00,Pig kidneys just bought humans extra years in eGenesis study,longevity.technology,https://news.google.com/rss/articles/CBMimwFBVV95cUxQNDRrWmEwSEUtV2ZnRldSRkFTRFdsWFM1eFdCRTNjei1iazlDclRJVXBnZ3N3S2F3Y1dCRXh2YjhjNlg1a1J4QlFMYkdMRUp2LU45SDZXV3MzbzY5dmNCZHhfU1RqTHRJWnFPeEJ6SU9Jam9peDQ1cXhzMjhuaWRkdC1oN042eWcxQy11UlZfT1FJWGxtV3FId1ZLYw?oc=5
2026-09-04T17:27:05+00:00,Un hombre de 66 años vive nueve meses con un riñón de cerdo hasta recibir con éxito un trasplante de riñón humano,iSanidad,https://news.google.com/rss/articles/CBMi2gFBVV95cUxOdW95MGRtOF96enJ0Ul9qSm5tdU5QNGRFZ2NacFlHNDgyalZEdHpnTnAwMkM2MWlucXNIdE1nX3FQSEptUUJYdEJlb0EyZjd1bkpaZ1o3ampjdlZlNVo4Y21TdW9INU52UDkzd2Y3eVFTYjNjb0tVRERVc3lpMHZYSzVvZzFiMUowSkZCYi13OTVHd3FpS1dkLVNtaWhGOU5QaDNjaHVYbl80ZjE4SkZzTnM4UWpEeGdGNzFTVjBSOFY3TG5GcXFRLURsM1IzUmE3ZVRHZnMtYW9nUQ?oc=5
2026-09-04T17:13:23+00:00,Un hombre pasó 271 días con un riñón de cerdo y sin diálisis: el experimento que podría cambiar el futuro de los trasplantes,La República,https://news.google.com/rss/articles/CBMiggJBVV95cUxOOTlaYV9kb3NJanZOQnh6S3NGVU1YakxWOUtjN2lNaXZYcC1oU2tqX1Q5NXFuWDdnLTBzTEphdGFsNEJOTnNlMVFSWWpQQjJZOVJlMVlKRHBWV3ZHU0tZTzQ3VGZVUUFlWlR1ZEN5M0t4Q21nZnFrYVNrSUxiVDdzZ1p3Q1dLY015M2pVZlpEQW9OVGg4WFZRQk9SZE1MYVB1YlpEMTByQUQtTXNUdXRMUy15UTZucTVjVkhKNll0c25OLUNpOW9wY0tHbFN2cTFVT0c4aTFSbm5hZ3kxVGNDM256bEtLLTZWc0x6ZzRWbEpNbTJ2d0dfbWlHVVR6UWFWVHfSAYcCQVVfeXFMTzgzeml6WnctSG16ZzZxUEotTjJMY291VDg0OGhVOXdIZ3hIUDF4MTd1S3hUY3FYNkIzcHN1NFUzT2lJalBudHRoTk05NHozVHVPM19KME9hLXdwTWdCRkdTUkxVVnQxVFp4Ull6WFVickdSM0s5Z01oaTZXaVNJSzcxSFN4MnhZVzdlb1pXOHo0c3BfbzRVdnY2X3d4cDRVelZDSDh3U0llZVhBVWxGSnpMQjRWbnpSUzNXQW4yMDhfNUh5UzRVUjBMcHRuMkgyZk9fS3R4ZVplYzFCMENQTW9jMmlNcVdkc3hmdnNMclNhSGpNNGVuLTZ3OGVaYmplUnhjckE1NlE?oc=5
2026-09-04T16:51:24+00:00,Pig Kidney Bridges NH Man to Human Transplant in Boston,Hoodline,https://news.google.com/rss/articles/CBMirgFBVV95cUxPZWM2U1BoU1BRWm8xMkNvdmxYMlRyWnVPa04yTVZTV0dRck1KNkcyX0dad2lXY3RBQzltMHkteTRndDBnbDlCNXRDU3BuZDJ5TkhzX0Vwb2JYUUFNNDNvWDFvTEVtMFFpc2U0TFMtazdjdnk2RVk5SVVIX2JmMXhuRmtxQWRnOG1IWG5YMXlnNk5TYXYtLVNPVUVPMTRZVFNFQXBpX3M2LUsxb0R2a2c?oc=5
2026-09-04T16:42:52+00:00,"Pig Kidney Used as Temporary Replacement for Human Kidney, Keeps Man Off Dialysis for 9 Months",Oneindia,https://news.google.com/rss/articles/CBMi1AFBVV95cUxQWEpscGNqZFJRN19aemdjamgzdHh4aU8xemtFdmNmVWQzaUdfa1Bfbm1nTUhjVTBpcnJnQ0N3NGNiWlFCT3BTREYxR3lUQ0NPeVJ2Nml6MGtjLUI5aExUWlJaUTB1M3RwNkJJVGdSTlJlMHJPOVFITHRJdjd2bjdRX3c1UjRybllHbGU2VzMtQXpvVjUwQ3pNQzJJdktzcllhRHFjX1VkLVByemxUa3NEck8yYllQTl96cVNHQ1lHd2Y1N1AzbnhvSzlyaElxSjRaZmd2dw?oc=5
2026-09-04T16:03:30+00:00,Genetically Modified Pig Kidney Helps Man Survive Nine Months Without Dialysis,ndtvprofit.com,https://news.google.com/rss/articles/CBMivwFBVV95cUxOOW1TMlFrM19fX29RbE1UanYtdUNMRUlGb0hTS1RJOWVRb0o2dkZBRElBalM0LU9ZU3V5Tktkd0JEMDlVTzJnUUh4dWZFUGl4QjJ2SW5DcDVVLVpfOXZ0OVZEZ08zeWpwZ3VyOUswblhza2RNSEtCSUoxeTNPaWdBbVVqRi1Oem5iMUJReWRxSlpnclprdXJZWW9jLVNZOTJ6V2NSaUZVa3RiaWdqVmt6Nlpsd0dRWlYwMHRSb1NPMNIBxwFBVV95cUxNdnlpcFY2RDUwX0VTME5pWG1RcWlDcDNXRFlXX3FWRzJyWXd1TFFRVTJuT29nbEQxWnEtcEo1RW0tZkd1OW1XUU45bmQ2WXJmcGVJSnZWRFlfc3ljc0RKb0dORUxFMG0taGp2d1cwTU8wMmxielhBR2tqVTJWbU1SckJ1R09ydEFfaGgtLWk1M185dEQ2N0w3SnhlSnZqb09STllXY3JWWHlVazhxeVNEdXpneDhGYk9ndzZ4M2RUXzYtd3NaYzZz?oc=5
2026-09-04T15:51:38+00:00,Un riñón de cerdo permite a un paciente dejar la diálisis durante nueve meses hasta recibir un órgano humano,Radiocable.com,https://news.google.com/rss/articles/CBMiiAFBVV95cUxQZmw5UlBGalBRYnB4OTFEdkpPTG5sc1VxanlxV2xuSTlOcTdwanFJV2NWSUk4WjFmWDlTU1Bsdld6Ung5QWRneFcweHpmZ05MOFdOdE1VWTJRWEJic0RsZWRNMG1FcGNSdnpWOVRDWVFvX3Z4bEI1TEFMdC12bDBBSkdyMGVERWZu?oc=5
2026-09-04T15:51:32+00:00,Histórico xenotrasplante: paciente vive 271 días con riñón de cerdo modificado,elpinguino.com,https://news.google.com/rss/articles/CBMi5AFBVV95cUxOTjVfd0JUbGVvQVVjY01YU0FFakhpc2RPcFZIcVRpXzFkYzlxTFdvLUo1QzBWV2IzZy1jTmJ2Zjh1aUNkSW1tUU9pQ2xtbHBTU0JRYVllNnpveEI5TDdqSUxrNXdRbk9DYVEzakdzNjJMb3JVaU9zQWRpajJsSURhU295NXh4M1phWktGSkcxMTc2VDZMNjhJeWxJSkNONHc5M1hydmZ5ZUY1ZkU3NUVNdUg1dUpmMDZuNTRWUUhlZWxkV2J2NnlPbjZsR2xvanZSQlFpaWZyLTd6bGc0Q29DSEFLcG4?oc=5
2026-09-04T14:59:57+00:00,Riñón de cerdo permite a paciente vivir nueve meses sin diálisis,Teleamazonas,https://news.google.com/rss/articles/CBMixAFBVV95cUxPN19BSjFGb2hRQUNhaUdDV2s4VTJ2WHR2Z1Zna0RmS2ExS3VPN3VVS3dfUmhPcHRDVU9LWlJFdVdOSXlOa2lXUWVRNlBUZk5JalNFT3REckRld1dMMVBQcU1WT285akhtcDNUWkZaM3VRMmh1eGhEQk1IX1FVVkZsWWgwY3dHUl9vQnktVTd2WG85aHZSSnlpQ0N5c0k0RTNXUjdlcDZ0SlZFU0F0dnlQV09HMzAyanI2dWp0cXpZeGpaV2tB?oc=5
2026-09-04T14:49:36+00:00,Scientists put a pig kidney inside a man and it worked for 9 months — is this the future of organ transplants?,Pulse Nigeria,https://news.google.com/rss/articles/CBMiiwFBVV95cUxQYlgzb3cyM0hWOGUwMWJkdm5kWEZPZWlQLTc3ZWZ5S1BzcDFDb0NTTGhndEJVaVZSMlVYRmUwOS1IRUtnTmFfeTRFdERBZW51LXdvSVVYR0pYbmVKUmlJTENLTS1xQUhpeTU0T0xzWXVPLXBYSEtVNUxRcG9sSEQ2RU8zcE1sNVRUbmxJ?oc=5
2026-09-04T14:35:44+00:00,Un riñón de cerdo modificado mantuvo a un paciente sin diálisis durante 271 días,CureCompass,https://news.google.com/rss/articles/CBMirAFBVV95cUxNYkJ3ZkpWWWFYX0FLSnQzUjBrZkpSX3pKdTNJMGNnLWJ3VWZnX2NSVGlOYl82cUh5UXM2bGVZWjk1RXVoS09kdVB5cmt5dE5sNkhhekZsYlhYNGlnSTNUX1o1SFJpeXp0YVk1Zzd2aHQ5akJLaF95VmFaNTdUakstNnEzQTZPdzBXTjIyRklGVFBBbV9CVWpoc2RRRDlHczJQQ3JuNXBLelIzYXZj?oc=5
2026-09-04T14:12:44+00:00,Pig Kidney Transplant Kept Man Alive For A Record-Breaking 271 Days While He Waited For A Human Organ,IFLScience,https://news.google.com/rss/articles/CBMizwFBVV95cUxNa1psd1JIb1dtaTVsd2puWUZCV0FXa0ZxeHpRNWVSMUsxYTRlc2dlbmNuTHZLUWlBWjdUZy04VEhyWmk5M0tieUhxTDBfdUVaSGstMERXd3Q0SldMUkVIeWFmV3hNTXV6ZkppUTBfVlp4QjNnbk5WNE14N0JZNGE3WVhMRTZfUHlBa3B1NzVXbjFSQ3BzN1YyNXF0a1RoRTl4QWxMVjNEemJaaHZFeEp6SHUwS1A4ZjQ4clF5QXdUZEJSOVFLSWQxVWZNelIwVXM?oc=5
2026-09-04T14:12:37+00:00,A pig kidney kept him alive for 271 days: How a genetically modified animal organ helped him reach human...,Moneycontrol.com,https://news.google.com/rss/articles/CBMigAJBVV95cUxOSlA1dDZiQkJTOTdoZ2ZRNm5jMmFKZWZNSW52SUxja3RTaV9wLWNUaGItYzl1LUJKMVVyczZDd2JfTnR5WTRYazZCcTF1R05acS1Scy1MUngtLVhEbnlmV2dURk0zNWtJTHNLOS03NkdadEhKYlhsSDJhU2czdzE1TWhFcHFHSEVhZ2dpS2VzOHVCTmRaVzFJS2R0YXNiV1pHOUw4SU9ONkM1NGJFcXRudkNLSVAtU1NrRms4VHVDUVpBZEllQTlJS2E1V3N0VXFteGpLM3JPMjZnRjlHUW1lU1V5NEFNMDhsMnBEQ3Z3T1MxaXlXcFBpZFpIV2tNUFRZ0gGGAkFVX3lxTE9Sd3hGSE9qTmNuQUdfUWlDODR1a2ZrMHNrRTZBMjYzZm95SWFsZ0xvbkxNODh1VTRNLXJQVzhPZHEzMlN5MkdpMnFxSHFXOExMME5LNXdpS1AwX3RHdHZBY1F2ZEVDYWpLQ0Rla2Q1T2pKTDF3ZnpaajRLR1FTdEFZNEJWZ0dwbC1rVmZZMW8xRjk3MjYxXzZmTE55cUpaVkY4TVU1QzM2dDVCalVieWdlX0JmcmF6RGgtamZ6UG1tYzY0RzhKaGh0cG4xWWFGT1JqeGV6dUt0NWNtX1R2SkNjS0xaZXNFRTNFYjFpMklqQm16SXlMX3dpY3FTcXJucGplZWEwQVE?oc=5
2026-09-04T14:06:53+00:00,First-of-its-kind pig kidney keeps US man off dialysis for 271 days,Türkiye Today,https://news.google.com/rss/articles/CBMitAFBVV95cUxPYlFvLUZyT0pGdGlIbExudlBHX01TUkZaQkpPdnRKT2FPX0RZZXBjb2kxUmFDOHdiMmRIQXB1bTMxWGQwVUNld0kxNTFubUpPZ3VvaV9ucWVrcFhRMGRvU0FVd3VaVklDakE0Q01CbHFjMWF1M2YzNTFnU3hEZzJNRWl3X0VQaUVBc1JCbzV1LUJIbFJLWmV4RHpLTVJNY0V4dFNpbVV5dDR2ZmMtN1hjbG1wREQ?oc=5
2026-09-04T13:56:20+00:00,Vivió 271 días con un riñón de cerdo y logró dejar la diálisis: el histórico caso de hombre en EEUU,biobiochile.cl,https://news.google.com/rss/articles/CBMihwJBVV95cUxPclY1SVQzOVFOb0pGMGhHQXhqOGJ3aFR5a3BlSU5CakkzeHNLRUdDNTdFdjJ6OXNKWjVTQUpHWXRPUHZNdEd1TmNNTkRPdHVTNjFrcTVLNmRpZDc4ZExJc0JOVWRBTEw2bm4yQ2EyNndaNFNnbDByTk4wRGczdVdRSFFwSHZGY0JuMmdZX0NaNXd1OXVIeE4wZGhpaDBIUzYzRGFxaXRmU0tKNVEwemJxVUdFdW93Q2NPNEcxczN6MFA2cHRueWl1TC15VE1EcWN0U0duRk5qMEFxUlFsYnlrRGtTZnRIOVowUDM1bWNxSG00RUpRMEVpaGhlVVJwLXZrV09QQXlOWQ?oc=5
2026-09-04T13:51:48+00:00,FDA takes another look at botanical drugs,STAT,https://news.google.com/rss/articles/CBMilgFBVV95cUxNaGJwT2ZzWlBLWGs1cmY4ZlgtQ1N3VEpIakxENFB2UTlTanJsbzYxOVRYT0E4UFYwbnhJdVNRWi1Da2VIWXpIazczQzdPYnBxbGpjODdpcEJzV0ppZ1Z5ajcxS3NndUtoSlJzZWFpMU9NZFBSSTM3UUZkVXVUOTRVc05PdnYtblRnaG15ak5HUGpWZ3cybUE?oc=5
2026-09-04T13:51:25+00:00,"El nuevo registro médico, el riñón del cerdo funciona 271 días en el cuerpo de un hombre americano",Periskopi,https://news.google.com/rss/articles/CBMinAFBVV95cUxObURsQVlkVWttRnRYc01ybFFyUXFybXVBTVh3V2dzU3ozSWxjS21BMDNBOC1BbVZEZ09XNzh4VjlTRFNzeGNxNzU1NVBNS2hIQVU3OVV0Zlg1SWQzOU1CSkx4ajFEY0RNU0pOUXh3SWxaWUk1OWxrUHhGeWlISlRmQU9wSlFiZmRmaVZWTllNYW80Y3gzQlpqaG90TFA?oc=5
2026-09-04T13:49:26+00:00,Riñón de cerdo: Un paciente chileno marca récord de 271 días con órgano de otra especie,vlnradio.cl,https://news.google.com/rss/articles/CBMi8gFBVV95cUxQcFVyRnVLRjlWMnFidlpfa2xzNUdvM0tMZEEtRW1ORWMwWUJCb2ZBOGVjOVJVVDlrSndjMl9WODlEOHZHQnB5N2gzREdqd3VncFVMQVh6WXdCUDR3YTNsWVZFcDFFaFVUblZCbXRidmZHY2dOYkwyVnk1OENzYXI1eU9ZY3Z2cnZoUkxuS2laWDVyamRWdVpGcXI4SDA0eHhHRk5UWVhSaV9ibG10OENyMVdHV0RBYllYdEUyRnprbWwzWkE5bmE2WTU3RmdjUE1wTWd2NDdKX1BaSFhxT3dpem1rZ0dvTjJNREQzZy1QaElVUQ?oc=5
2026-09-04T13:42:58+00:00,"Por primera vez, un riñón de cerdo mantuvo con vida a un paciente hasta que recibió uno humano",Clarin.com,https://news.google.com/rss/articles/CBMi0wFBVV95cUxNV0sxbXd6VjNnYjIzRklOcE5faHZ3SkVPMFpKVWttR3BNY2lrVXhBbUlKWkF4WWp6MFBXUndOZTk3RHRnLXU4RTFNWHE0ckEtSDZmS1NtcGN2LWlwNFItTnZGZUNjU0N6eVlTSHktRjdsMi10bWlTLUIzRjloeFFWeERaWUxMOFB3MGdBMWF2T3F3MzVFdkRvYjB0SldQNkVWeUdoa3NlcUZQcVE5NGo1dlF4XzB4RXpBdXRKencyTWJFQVo5M2JnN2hLZFFtYnRnRlNz?oc=5
2026-09-04T13:25:22+00:00,Un riñón de cerdo permite a un hombre pasar 271 días sin diálisis antes de recibir uno humano,Estrella Digital,https://news.google.com/rss/articles/CBMi5AFBVV95cUxOeUlhbmxONVYzY3RObUVybS02MEJPcFN5bXYydUN1emcxMEVkdjlGb3liZWF3Vjlfam1NbXNrTHg0Nk50YlVVcmZLY1JfcGRYaTVzY0hRNXpndTNWUHJ3cXBjRXdIRXBTSUNFb0xBemJ5TEY2YTNPMVhBYjdWTXFwaXZBMmNIbWdna3BZdjV6UGo2TmstYUtuc2EwRFRaX1VWRzRhYXVidHJqZ0FXZEpzYm12VEtkd1dIcjhMSHFMSFNLejk2UEJfeHJRQkNIN3Y5cUdtN0NEUjR0MW9vV2prOGowWDTSAeoBQVVfeXFMTXFPdzkzZlRaUzBLRE1JY2k0Q19zZk93V0JjOTFhNDNyWXNpY2VDYWdqREJFbFIxY2MzOXB5Sm80WGdwNThGTV9tTWpFME9DdGJUdzJYUUpJUEdTdTB1MWhoVzdoNlo4MEdLRVN6MlBkSXA0MnJSaFp1N1djdExSZTI2N0JrcHRKVld1S051VVNaQkNfSHVqbHMtV1h5TzNGV3V5blJiRmFjMTZVZkpXTFA5NDNZNzgtQ05yRmJhc3paZ1N4TnJhZXBjZWRBbUZIaDQwNG5NTENnbTZoOXAxMFV5V0ZsVjlHeGhR?oc=5
2026-09-04T13:07:00+00:00,Xenotransplantation: The 'Bridge' Strategy Gains Traction After Major Trial,PravdaReport,https://news.google.com/rss/articles/CBMikgFBVV95cUxPS0ppbUxVNnZZUDAxM3ZwRmZoUTdROTNMd3d6T0RPRVJlREUzUkE0NW9xME85Z24tSWpmcGVmcllSZFBXNGZzbGNDaFNHSEFGYlBYUzdFbHhDXzFGc2lEcTR3ZC1zLWY4SXk5WjhwRWRMSlEzWHliN0JSdldsSXFpYzdVbEdrMWtDUmdFQXJjaS1GUQ?oc=5
2026-09-04T13:03:39+00:00,Vivió alimentándose de riñones de cerdo durante 271 días antes de recibir un trasplante de riñón humano.,vietnam.vn,https://news.google.com/rss/articles/CBMiiwFBVV95cUxNXzJ4WkhxdEctWFZSTFVJVkhZeF8wWnEwSjNNclpCNi0tOEpGdkZfYVRmZDcwTGtQU3pBLXdoN01GVWtqR21nWEZkd2tVTXlHdE9hdTBwS3k0V09sU3VqQXJFWTdJbThHSGFYUzgyeDl3Q0lSZDcxVDl5dlBsQkRwem5ZNWtTWVp6N2tB?oc=5
2026-09-04T13:00:45+00:00,Los médicos estadounidenses lograron un récord: un riñón de cerdo funcionó durante 271 días en el cuerpo de un paciente.,Informat.ro,https://news.google.com/rss/articles/CBMitAFBVV95cUxPVVZVMTgzSmd2cnZYX21JYkhzVG5rRWoybllPd01nY1MtclJkSGMtOEZrY3JmdG9hRDdZUUM4SE5LZkt3M3VVdkQ0SFZwSjNZOUxsdWFTS21NNFRUM3hJX3N0WDk3enN0cGl0OHhCcGZPb3NGTmFUSk5HYXloak11LXhUQ2JmRXpQRmh5LUg3ZGxrMDk4LV9COWFUSm42clVSNWVocHhHZ3M0bVRtYmVoNHc5R0c?oc=5
2026-09-04T12:45:58+00:00,A new step towards the future of transplantation — a pig kidney functioned in an American's body for a record 271 days,Слободен печат,https://news.google.com/rss/articles/CBMi3wFBVV95cUxOVkRId0toS0lJSzZBSmZoV2VlM05vUnZKSkFCUGRZbzNrQVRzMFpCb0xkSDBoZ1VDRUs3RDhtV1daUWtVNG9iR1JGSmV1NHhjb0tIMW9jbWtPVzJEVlh1enNsbU1zVF9BX3BBd095THBxdHFLaGk0MTZZenVSeXp4aGdlaGtWWjJMR3lXTl82blZZdC1TVEtsNHFaSW5vSWZ2Si1McGNnUXgwb1FDWHh4aTZiN2o0ZDdUOGp2V0JrajVJbXBJcVFqVk1pMzE0SG5JMXRMS21TNHcwN3RoZklZ?oc=5
2026-09-04T12:12:17+00:00,"Hito médico: Un riñón de cerdo sirve como ""puente"" por tiempo récord antes de un trasplante humano",Soy Nueva Prensa Digital,https://news.google.com/rss/articles/CBMizwFBVV95cUxPRF9ydFF1ZkZTY3FJRjhiOTllSEZ5TlB4SkNvR1QzSldaRXlCRFFxODkwRkdROUswbkFIVUlYWnBPLXIyZDMzVWhXc1lUaTl0SEVWemowN3VFWUJiQl9tUThJTzczUV9zb1VLdVMyWWw4cFhrUHh4bVZ1NF8wTmhRRklyMDRUNERsRHJOQ3FxMmV2VDV4dWR3Yl84dEVTWWVTZEZjTjVwY2h2TFhkMnRsUTZES1BQT1ZRVF9rTEJfSnZrU2JuM2VQb0VEVmtwZUU?oc=5
2026-09-04T11:48:29+00:00,Riñón de cerdo modificado bate récord: 271 días sin diálisis,El Ecosistema Startup,https://news.google.com/rss/articles/CBMilAFBVV95cUxQZFp5QmpTVkhrR1p1Y2NtaUo4RGU3aHpIUWpZT0taLWM5R2pYMUVjcElUVE5kYTFaQWFLQ2pDcHFXNnZYRlI3N3A1R29Ba0IzajEwM0Z6WG5zWnpiQzUtOGUwQ0hiYU1QRGxoYWNDZ0VPN3ktSzUtVHFQeEtSU1FsRnV0Rzg3TTZBNGl6QWNmSkQyQ2Mw?oc=5
2026-09-04T11:46:47+00:00,Pig to human kidney transplantation hits a new milestone,pharmaphorum,https://news.google.com/rss/articles/CBMiiAFBVV95cUxQazZ1dS1XbGxmUHZha3RJZVpSVzUwVnJvWXduZ0tSOE9jQlo0OUtXaHYzNTFsbWphSGhRekU4X2xnT252VkM2NnptVVJaektlc3prbVotOUN3MTltMGxHc3NaZ1N2WHpZc19iME5PZ3BZU2xnRWFIOU1ZSlJnclU4WmRjZlR2bGMy?oc=5
2026-09-04T11:46:23+00:00,"El hombre que ha vivido 271 días con un riñón de cerdo, un récord para una persona con un órgano de otra especie",BBC,https://news.google.com/rss/articles/CBMiW0FVX3lxTFBxZEdCSndGLWFYZGIwdE1XR29tWjBQVkpiY2t2bFVUbHBqbzF0WEROY2dSbDdLcjVwbjNNdG1OM1doM1NodFd4Z0JQRXVJeGg1NlBjeUZsX2l1M2fSAWBBVV95cUxNRDNBTXJaOWs0NEJBdTRtOS1RMjdTRzJiazFlbXE4Y1FadjFNekZTZjlpZEduQjAzX3BYUVgtOHNyeXBBNkR6bmp6SVpZU3NvM1pQcDVTd2ZIT2JaWi1meFY?oc=5
2026-09-04T11:30:06+00:00,De un riñón de cerdo a uno humano: el xenotrasplante como terapia puente de trasplantes,Cadena SER,https://news.google.com/rss/articles/CBMiVEFVX3lxTFBEV1BJeXFybnNqaUtmTEc1TDBXRDB5MnBnSjNOUFBZVkVCeWtGU2lfcXlpWmpIVVZrWTNpNVNZTE1JRkFpRlZkcmcwWmdQcndoNXBiUQ?oc=5
2026-09-04T11:11:25+00:00,"Pig kidney kept man off dialysis for 9 months, serves as ‘bridge’ to human organ | India News",Hindustan Times,https://news.google.com/rss/articles/CBMi1wFBVV95cUxNbXl6Z2ZMV0NfdFlwX2lEN19wUk5KSkdaVUpvNVpPZWdZbDFWeEtBLThjZlNhUXRTTmdmSUVJeTJpaHZTQWtPWmE1ek1TTlQ0TlZpY0pUZUZsOXVPdVZVeE9yejlFZENzUmx2OGppMXR1WkVWcWRCQVZZc2E5M1pDZ2llY1diWDBmb3RrcFZoWVJxUFA1X2h6alNBSTlkc08wS0tCb0IxR09yTTRJSGx4R0sxQXVrRmgya3IwbGxGcG9tNk9rSkYwalJIUnZqT0NVcTZhWWRVUdIB3AFBVV95cUxOQlRGTmtiVlpVMFN3Z01OWG1ZNDJvSUNGczBSN01GZVpBQ2RJSEhzRjJ5amJiZjVhM1ZXRWhDbDFlVGkxVkVicUM3dlZtYV9RTFpmeXJGOE1FaUVLcFZUYTJ4MEQ0YzFsWWRNYmduMFhjNmllbnpkdXdQbC1ieGZiS2JQUTRtSldxeGU4QmJ2Mi1ha2JiLUd6TDRYWTA0OWJlX0ZyeHdiMGFOcWRKU0xweW1pM3FNTzdSUWREOEtITUFKMnJMZDhWMjdBNnBaam5lSVVySXQ3WHYxWF9C?oc=5
2026-09-04T10:45:36+00:00,La medicina tenía un límite con los trasplantes de animales. Un paciente lo ha roto tras nueve meses viviendo con un riñón de cerdo,Xataka,https://news.google.com/rss/articles/CBMizAFBVV95cUxPdHlobXpsc2huMDU1MVlfR09CTDZ2NWxkMXBxYmhvR3dreV9GU29sbEduU19OVjAtdEd6SEhVclhtS3VZSVhIc05kYTV6MXJJci1sRjZaYUFOcGRta3NHQlVDZE16Nk93a3FYaDhHbkVCQ1J4cnlBU2xhNVJraUNaSTZSQlE4M0JUaWlzYjRJWnJGdE9iRnB2QjBndnFJUUYtbm1NV2ZHa0Z1dWIyeVI3ZnFqR3NJTDJXOF8zcE9GT3NXaWRacjMweWNYUW3SAdIBQVVfeXFMTzI3X1FvbEE2cURLUFpMaHdtWi1yTkZUcTc2UW5fTjhVUVl5TEFmeWV2TTBjUzgwX0tiTmo4OEN0MkUtdERBMlc5RERHeU1zN0hPdWpTYlQtMFMtRFlJUFQwbkFQUGZ2dmhnUUdydW9LcWdpcXo3UHRBWFZhbFBKRTJaWnFjNDF5OFZxd1Raa0NMQWJFTElHRGhYWVhEcXJXTVhEb3BFZzNkX3VsZ2JfWXpmYTA1OXdvREJfV3VITXhpUDNxaE9WclJwTVRiT0tGTTF3?oc=5
2026-09-04T10:38:13+00:00,Un riñón de cerdo mantiene a un paciente con vida 271 días hasta recibir un trasplante de un órgano humano,Telecinco,https://news.google.com/rss/articles/CBMiuwFBVV95cUxOQzdPTWo5b0hBMGFyWDhLLVk4RVhBVWlJdFFPOS1JTUhGSnhkWUdKT0llWEFjQkxNUmlUNmRNM2hSM3piS2N2Uk1CRVpnVGNNVzdyYUJmUFAxQzUydU5kQldYRG9xSkZmWjZYOWlHbEdhaUFwUUthemZXdVVYVGNFMnI3LUFnZGNyUnI5WTFkN2dCeTYwbWxYck9BUHRnRmtreXdSVFN1OW1oYVlWYWhiMlRPSWVkbDlOVGZj?oc=5
2026-09-04T10:29:00+00:00,Transplante de riñón de cerdo: éxito en paciente estadounidense,mil21,https://news.google.com/rss/articles/CBMi0wFBVV95cUxOY0RrOTB1YTdVUkRQNXIwNVo0Tlc5eGpoOUFSTFJyZkp1VXRmeGZ6ZVlxbV8xYVFFSWxZclZPWWd1RnhzQ3BfNTZtWEMyeVhka2g1bGc0YjJVQkJZcDBQdURfTldncTVxRDBBZ3dKMS1tcVBiUTB0TWRKWFVVSGxYQWp1SmFJMEFyektycUxISS1lZUlROUlhdjlKMlhrbElrMnIyUXI5eEtFYTZ6RWNaYTV1dlNXLWNSSXJlbjJTZzNhcUhxUmhVMkdTalh1ZWJBc1dj?oc=5
2026-09-04T10:27:14+00:00,Pig kidney lasts record 271 days in human transplant patient,NewsBytes,https://news.google.com/rss/articles/CBMilgFBVV95cUxNRjc3Qm1QZXFzV0hLUnl2YUtEWklvOXFzLS1Fa2F6bV9iSHB0cHFTVU1ZUC02ellFalRaNGNwNE5Ya0h1MU5oWDdMMUVXcUI4TDJhSHpZVlpYRTlzM2RLSDViV01sbmhsaU1TY1hkbkpyOUFPXzZGTWpBRjJnc3lUYWxXRVJvVGp4SjNUYWlxYmZCSkFSY1E?oc=5
2026-09-04T10:16:45+00:00,El milagro del hombre que sobrevivió nueve meses con un riñón de cerdo antes de recibir un trasplante humano,MARCA,https://news.google.com/rss/articles/CBMizAFBVV95cUxNQkFrRUNUNlF3UEFJeU5VUTlxMjc5OGpMZ01kX3RYdFR4V2tCVFFnUk95RTdrdk5sTDN4OVpNc1ZGNDRFaFVubVpfSFZLLWw0Qmh5ZzFZUDJsRlFBbzlkejdlb1k0OElsb1lfdnB2YzY0eHlFMTA4c3JzWXRNZjRkM05hWDByczQzODFyLU8zMEZ4Nno1SUZVRkhGeHFCWnF2dW0zcTdkd2lsS0lXcFhSX1ZSd2F2bENha3JVbm9salJlU3ZpLXpSUnJrRjfSAcwBQVVfeXFMTmpkSk03Q0prcUlpZjlXb0VrWVB3UGg2TGZSNnRfRGdaSU5OaUwzZEtPQlB0OTgxTENsSy1OTjZfR1VYRmdWRlREdE9Jc1lyOUtvXzFQbTk1QmN0ak1KT0EyME1PSlNuOFpUd2l0a09qSm9vYzVvMkQtbVZJemluLVpfQVp3Rlk5SGxTVmJLTXo3MW8wUlhYTVN3XzhNUUhiTFNLcnVnUE5KQk1aX3A3emFpREJjQ2I3M2Vxb0pDZFZEWU91T21zaVpEM0FZ?oc=5
2026-09-04T10:09:15+00:00,"Un hombre pasa 9 meses con un riñón de cerdo: ""Nos vamos acercando, con todas las cautelas, a una realidad clínica""",Cadena SER,https://news.google.com/rss/articles/CBMiowJBVV95cUxPOERGcUhSdld0OENGbkpFWG1GOTQ3MThBRlV1V3k0bGdiVnQwT3JMRWRac2ExQXpHZGZyYndMaV9WY0lSclN2VWctc1J1T0NfQzQ3U3BZaGhtMkVONFp4SElmZDctYzIwQ0s4WldGV2diTVNKRlFmS1JIa1R3REJ3c29GWUpkX2MyZ2JrS0MyYjlDb3VUanMzRG5wRk0wcEthNmhzNVkxcXNfcGgtQi1xVFA0Vk5pSGNDY0pvaGt5b2swRExqdUpwMEIwOW5rY2p3NTBCNEplZkpsQW9LTll2emt6QjExZzM0VjRJTmtzQlRONHM5bE5yVFU0WHV2VUEwVFpVYmNNUWxUbFo4VGlqRTZWdmdiek9WNnMzT2hPbElBeTTSAbcCQVVfeXFMTzB2ZmRWOWRwZS11NHlPVzliMzJHVDFKNEVTOWlyaG9lb2J5VGs0bGNUV0ZPandvaFloQWNCaFR3eldMMEJySmNkdmdoTzdCT0dSNC13a0lGOHc0REZTcml5RFVnMXAwU1FFRzVpWlBUQ2czUEpyMnFMVUVJdjdrWm0tbDFRbnRFM0dpM1A5WWxsMXNKa3hXMTJVdlFrOGhrSXpyZTdMZUxUZkVDb0VaMk9fSkZEanAtMjdwaTZObkRRNlRzMFc0MmdTRUlzZk9tYmpsaEZXQy1EVENWZ3RnSC1Fd1J5cG11SmNieFFUenlxY0tiR1VIUndLSnY5MDM2algwY09lZU1aaGFuMHBTS1llWmdiQXFFSTVqTngxamRvQjk3eTN6S1FrRjNzLXlLUDZnOXBVVkE?oc=5
2026-09-04T10:07:49+00:00,Pig Kidney Functions In Patient For Record 271 Days Before Being Replaced With Human Organ,Arise News,https://news.google.com/rss/articles/CBMisgFBVV95cUxPR1B4OWFhVWg0RnBrTG43SFFWaDBpWWxiRnZtc1NfNWNwaGw2aTZ3LUd5RDFjNHR0N0NzM2VjUlBVdUtwTTJkdTBkS1NZTWxDcDE0NTNCdzZBd3R4aWc2b25qTjRHQ3h1VlhmMjBIS2o4V1hwbUNYRVc3VGl6YjBWMzViNHZGN3FQNmVGR2FkdmpWOFVaVkdWT05hUDhUZGNFZmNpOG1VYVlfb3BNblVvS2lB?oc=5
2026-09-04T09:48:00+00:00,Recipients of gene-edited pig kidneys successfully receive human organs,STAT,https://news.google.com/rss/articles/CBMimwFBVV95cUxQcy1DZUVqb1JTR0VfdzdnY25uV3ViUW1lMWI1M3VjUWJTRXhId3dnaElZenI1ekFUdExIQm9zM0hiR2dPOENZU1hHOF84a2dPTnBzN2dCc2EtRG93R2tnX282Y1V4RHg3bE1YWlVuWXJreU1UeUVzQWFKRWtVYzV6Tk5pX3BOTHVteVA4LWJydEFWVEI3d25OYXF1MA?oc=5
2026-09-04T09:46:00+00:00,El mayor hito en xenotrasplantes: un riñón de cerdo modificado permite a un paciente vivir 9 meses sin diálisis,consalud.es,https://news.google.com/rss/articles/CBMi4wFBVV95cUxNSTJKZ3hhd2J6SkFSTWJDZng0T3lwSDZjM2FiV0xZTEZNdlFGRTRhY281ZmVLc0E0aFZwc3RWdU9Cb29vWUhOand3NmhvdmYzR1JzOTJaRUctODVyY3dQWUVMaGdZVTFMenFmenR2WDVfcU04LWlBZ2FKc204ZjZOU1ZpSXFIaTdnNnBkT2lSYzJfMjJaZ1RvUG0tNVJGTGtWdmtLSFdwdFRlTXpfczNkTkJJN1RrdHZwbkRYQlN6Y0xCNnBrQjNrOG83RElmbkp1eTBDU2tFVi1sdGdIOEZwUF9Vdw?oc=5
2026-09-04T09:41:51+00:00,"""Splicing human and pig genes"": Landmark pig kidney transplant sparks divide",Briefly News,https://news.google.com/rss/articles/CBMilwFBVV95cUxOaHJJYzVmRGh3R2stWHFYRUxGWks5Rkk1aVdvZUc4NW1JT0J5SmJ4UlJnZ2NMcUNUTGxtLVJ5ZXg3UE94WVptRjlzUjZQc3pDQzdXaXdCM2ZoQkpkSk1Ndmx1QXhNaUFONVZrLXFVX3hkZm5TVVpmd3QxZW1IWVBKb2F6blV6TEFNeXYyb2VYUjdOLUtfZGNr?oc=5
2026-09-04T09:29:37+00:00,Pig Kidney Works In Human Body For 271 Days: Why Xenotransplants Could Bridge The Organ Transplant Gap,healthandme.com,https://news.google.com/rss/articles/CBMi8AFBVV95cUxNUWd5Sl9YZUk2LXRIR3g5cEFsNGI0eFdnNTVoMkVCUkpaajdueEpCQ3Rhb2dxbE9abDBOZy02Qlh1TjVxN19iRFRlbnQ2c28xd2ZzSFZZQmVVQjZtcjhwbEZDRFdLQkxWdEE1NllGblJ3cHBqTm13S2J6RUVPQUZET0dGWGtScGpicm5NMGZMMGNMNHdURkdDY0hkcGhSelVyZEhsdmZoQVhXR0FwYzR6MDJpajdNZWsxR2lTTEhPRFlkYnZveVRMRFR0bTFGS2JlUWkzSmRxUjhxb3czT2NJc20yQkdycEhzd0lMZzY1WUI?oc=5
2026-09-04T09:24:00+00:00,Un hombre de 66 años logra sobrevivir nueve meses con un riñón de cerdo,Infobae,https://news.google.com/rss/articles/CBMitAFBVV95cUxNVXAxZUFaXzFFbEJBbUlTb25IaFJMTUU2VDVWWURUR0xPOUJwMzBjcE1DNUxoOGJUeHROSWhNbFdkWl9NQU5hQzFYQWhsOVBXeVZOdTZTWkNrd1VILXMzVlo4X0wxakRSVjNqQ1U3c0JVV3ZMUTZTNHVFSVJRckpUai1YZ0lUbldwd0wteEJRZFo4YjZhVDlaczc3SDZLQm1NUlFJYVVDdFg5T1NLUjgxSlVIS1rSAc8BQVVfeXFMTWpJaTJ3YlFBUS1ObWpJNjBKTkNoME1YM29TdXgwMFVfbjNPMDZNTklNMmpLZldQbjlKTVFfd0RwcTVHMFBacW1kOWFLMTRlTGtiQ1ZBSU5TRUlsWUtpaHBnNjdwWEFqbHM2TkVXZE1JLVJ4VGJteFd0NTdUcS02MjZlYmFKMHRPWVhPaDdGaUFsX0U4WUFnN2dEdEZZdS1wLWo5UHBmdlB2WW10X1dGbXMwWHdjWVZfTDFrNlJELU1ZYUhNbEI1aDgwc3otelhv?oc=5
2026-09-04T09:21:37+00:00,Medical breakthrough as man lives for nine months with pig kidney,Newswav,https://news.google.com/rss/articles/CBMiqgFBVV95cUxOYkxKc1NmNlNEbG5MSDk1Z2dnX2M5LTZ2aTR0WkpjakJtanUwb3dWeTZBLVU1RHlWbWxaSHQyZnFfNVVJNFZleHh5N2FCVFk2QkJoU3VPaFY0cTZoUVdiSXM4SXRVMGZZUU9VSmtoOUZCV0JUOVprZWZtOTZHdDk2alFYZnAyOWt5WmtYbG85MDlmb2s1R293ZFZ2Qy1IcTV2UldDYkxxQXJjdw?oc=5
2026-09-04T09:16:41+00:00,Un hombre logra vivir nueve meses con un riñón de cerdo modificado genéticamente,La Voz de Galicia,https://news.google.com/rss/articles/CBMiggJBVV95cUxPTWdhNllWYmZlY01uZGVrTVpBR0tacWNlQ2hHV3M0VFMwV2lGQzRWSnZPamtNV0dpUHNMLV9ZdGhEcHRVQWhUNlFmZXBfMUR2TXFWX1U1ZGVUWFVJaUJUSDZEVlQ5d3NOOGtuc29TOHFrb2FpQi1LMTA2ckpDT05hS2YtR1ZWcUlFcXFhUmhIN3VVVlYxUUVmWEhJY251RWtZc3ZIV2dHRVJodTlNN1MwV2NIRWFkLXVHV29feElLWDR1bHBMWnZjTHdmYllnYzZjdUZseHhRYUZBTTFGd296VWZSVGZVZVRieVFkNG1WTDl0ZWRFcGdOMWhrWnA4RHRLblHSAYcCQVVfeXFMTnR4QlJqTDR5S0VXNnh3YlI5bFRxVkFvRXdvT1pYNkx3VG9rS1NEUlZaWFZZZ3ptdms0eUtSV1JiU1ZqSU8zLVBFb21oWnVPclZTRzc0TnhMSnM2MUxNSUFrNVRZWXlsdmhWeE5UOGg2Qlo4ejJvakM1ZW1VTzNVSGJyWk9wQ2FJQkpoWVQ5cFd4LURpRVBhM25jUVR0LW9JTGNYa1Q3blZITWppYWxXUkF2M3h0QXU3bzZxaTRocWNXemdYVFFpQWVqUFhkMGtEc19ETWZkOUlkQUJlMS1EMFBqNktabDJWZTFxcWJXeHZFNHg3RjJyY2JxUXJmaEFvYTZGRlhXaXc?oc=5
2026-09-04T09:15:28+00:00,Un hombre de 66 años con enfermedad renal terminal sobrevive 271 días sin diálisis gracias al trasplante de un riñón de cerdo modificado genéticamente,eleconomista.es,https://news.google.com/rss/articles/CBMi3AJBVV95cUxPZGhNMjM2YklyNlhSdnI5VWhKVVVGRVdXVjJqSE1PdlIxX2U1Um5NcF9FQXJkczU0bjV6Tm1OblMtOTVWTDlQSUVLWllrMkNWYk1Rdi1nZmZkeGJ2Rjh1OHZTNE5IRXh0UEE4cTNmb0JqdTBmMG1aelgtMTFaRkdjTXhQNXB5eWdubHoyMG1MRUE0NDdfQnk2VTBmdzk1WDdVUXVnTDBBWE5aOFYwYW9rOHM3YWlNYmt6ZVNLOU5jelNKSXJwNDdJS0YzRVBYbEdtYTJGWmhyWWI4R2pDWmRVM0Z4MUpNbzBURjRzM2h3S3NfeTJORWpHUW9Xc3V2Y0R5WTVFLU5kbDBGalNZSTRXQklhUVpWYUgwY1N2NmRVbVo2U3R2ZjhFa0FQaEo3aDRrZG1pSjJmcnI4ZXFZUDVRN1dMMVp3WUU2dm4xQ3ZnUGxXeURmQ2hyTktWYzfSAccCQVVfeXFMTTQ3ZV9KbzVFTmpnRU12OWFVZjBpTlJTNS1OTExGVnNreWdKZVFqT0RPQml2NlZhRFFZRHEtbG5obnFqTTVnWHRWWmNPalUxS0FLX3RyZ3ZrVXZkSzNSNlhPdjFybldGdGU2N0ljNzlKOFhDMjNkbFA1RjQ4R3JzVUdWdGFBdUxCLUxfUWs5ZUpJak5SSFp1MVgzVUtkNENpd2d2V21kWVdSa0Z5SGZkMlJjbzA1T3pITXFYM1oyTnNRMW9VQjVreUdMUmw4R2ltLVB4bmNHMlc4ODNBQWhac1VFZFJDUk5ieE8yOFhWeHVwaVY0Z0dlVlZ1V2o5R1M5R1kzaDdSVEVmbW9maDJrd0NRdlRQTmRMSEdkblY2dnluWU82bWhBeHdLUEs0am5zQ25OcEt4elpYcjhIcEtoQUVYMVB5N3c0?oc=5
2026-09-04T09:05:48+00:00,"Pig Kidney Keeps Patient Alive for 271 Days, Opening New Transplant Path",slguardian.org,https://news.google.com/rss/articles/CBMimwFBVV95cUxNTlBYSTJiRGpueFdOVFNGbkVXUFZZSTU1cGRzN3Y2VkNxVlNDc3p2aGp6Y3Vpc3ZoREN6QWEzYUVpRG5nMml5WkJXSjBHX1R6ckJpQVdSRFkwbnR6X3ZlV1dtanVZT0FPdFhaaXFtT0J4dDMzN21HQkJjWW9RRHdNWmhLdEhBY25MSExDQmlpbUhfaExvYXNZWUpGTQ?oc=5
2026-09-04T09:00:50+00:00,Pig Kidneys: A Bridge to Human Kidney Transplants,Kompas.id,https://news.google.com/rss/articles/CBMiigFBVV95cUxOUmV4YkpFQVFQTnJiczhZVUQ4aUZRa2xhcXNVWWQ3d0xhZDFMX21INGtJVFNiSWRQZHhwRk9MUjR3NWw0dWthT1ZxTjhYNk5QZzJ1c29pZUdZMkNxR1ZycFlrT1RWTlVtRUxXWTZqYTczRmFsRjI3Vl9RcDFEZjBZaUFiODRpMEM5OWc?oc=5
2026-09-04T09:00:15+00:00,Tim Andrews: 271 días con riñón de cerdo modificado,Daily Beirut,https://news.google.com/rss/articles/CBMiygFBVV95cUxQQk04SEVLakxYM09lUk1lakVFWW9uMU5MT3EzNmFCeW5ESGw5Q09aUTlDTEd4UTk0c0g1a2J3b3kzYjctRnJwMi1UcUpXVExwaHZvWWJVNlhjOGVGeTExVWh2UU9WaXlsek00MjltQy1VOElZYS1IanVZY0pLemNoem9CakRkSjBMZ3I0bDRnWGlFdDgteXhPNlFVOUhpSC03enVIc20tWWJlLTlwbEJ2Uy1ITW5sZjdSTTVPUWtEbktESnU2bXZuMkd3?oc=5
2026-09-04T08:57:09+00:00,La medicina logra un nuevo hito: un hombre sobrevive durante nueve meses con un riñón de cerdo mientras espera un trasplante humano,lavozdelsur.es,https://news.google.com/rss/articles/CBMiiwJBVV95cUxQTHM3RmN4dEdGd1hNOW5xS0FGd3JLTm1rSnBXY1QxYk55cjBFaE45eHhxcEJGd3FuY0d3YUhFdkl5akFXM0NZakxiVjdQUXJDMXBBUk5qUzA5Smg5VEw5WTZ1M3BnZ0JsWmxJRHd3MkJ0SVNtaGZJQ0FyY2o1MGRaSGlXTGJPTU5TVFFMVmJSc2E1ekl3T3NjRkRQc0E4cllMNk0wOVBDcGVPVDJTS21nSnlXTS1HendMUXkxRzEwZ21ZbW55aXBQZ2FXaTlDV21YZkNXbFZCSldMN05tUFhiY0R6SlI5UUdSd09scEhyZnpDRTNZOTNJZm5zbWhKc0JXTF9BaFZIZjZRcjQ?oc=5
2026-09-04T08:50:54+00:00,Tim Andrews: 271-Day GM Pig Kidney Survival,Daily Beirut,https://news.google.com/rss/articles/CBMiswFBVV95cUxOTGhtTGIySDFLX0sxVVMxTjFzNmFFWkFjZFpRZ3owWE8wcFlFbkQ4aXgxaXB0N3N0QmZ0NDB1QnJNTnp6cE5KWkNfYllpTFFXV0MzWUFIdVJ2Q3N3UXUtS1pKb2FUaHpxenhKUUY4Z0MxcHlqNGxvLVRqdHE1TmZISWh5RXVaYTEyNG1GcVpOcXlHbzRiRkVJdnJ5NkZxOGdVWHBsNDd5VU1DYkM2ZUpJSE96bw?oc=5
2026-09-04T08:49:01+00:00,Hito médico: un paciente sobrevive 271 días con un riñón de cerdo,Libertad Digital,https://news.google.com/rss/articles/CBMi2AFBVV95cUxNdEF4X1BGVDRsTUxUN29paW5sbmlaMkxjT3pzQVhsaVVGVXZvZUgyamxIYjZVR3kyTEQtYlZ6R3dnWU82QWFnR1IxdHFJbnEtVWRCbkVqSWZwN1pjNWVQTDlYZ0pjVjVQU1lSb25oS0VTQkY2MHFLNjNkWEZtaUxTWmROOFNXT3oxVmwwZTdjY2p1REYyMDJiTXdyUVNkSV9jdjY0UU9YbVNXTGxYaVdsZ3VNM0FLRnd3ZlQ5U0p2WHIzeHV5VWtRX3paQndzdEVSNDEzbEhraDHSAeMBQVVfeXFMUERaNEJuUzhlVzNzNE9QRklFTGVfVnBvS3ZraWdkemtGTmFhQ0NHaUo2eU54bUFuSC1OWEhDMGVWNmJUOHRiRUFpcFVqa24zX0I5dm5nQVpjZU1paFJyU3lYSFZ3a2J3VWpBOXdJOGhzUkJHUnV0OGpZVjAtZndEanV5SzJUb2c4LWpCa1had0ZqcW4yRWFlaVFwdWY1V1RnYXNUT3J6X3JhcTQ0SnBhVkdBSHF2UEVsZTMxMUhZN0dWd2s3QTUtSHdkZW5YZEk4MHR4ODhaTThXY01IQkhQRHRDY00?oc=5
2026-09-04T08:44:11+00:00,Pig kidney transplant keeps US man off dialysis for 271 days in medical breakthrough,National Daily Newspaper,https://news.google.com/rss/articles/CBMiswFBVV95cUxNYWw3SXZsSHJjM0Z3R3FYVnJxNnpTYnRWZlFUWk1CMlZIYWVSX3dZaEF4b3RVc3RwQkh5TWE3RE85a2M0b01mNEYwWHliRnBrZDlnRnBrYmtFQ0dwMFNENzh5VXZqV0tTVGZ3RWUta2p4RURkU1lYVEIyaEhaQUdsSERxTWFIbU4zNUJWcmhQc3BVMl9YbDJBbUc1WXk2WXc0aHJMT0FIaTV6Z3JmckcxbWUxYw?oc=5
2026-09-04T08:37:35+00:00,Trasplantan con éxito riñones de cerdo a seres humanos,Expansión,https://news.google.com/rss/articles/CBMilgFBVV95cUxQcThXNS1jclZiUzM3cE51QjVIU2ZUVGMyMTBkWmF5aFdVQTEtd0J1S1lqT1pqek5ydURCWkMyZUhNQlJKNFMzcnU5aDhLc3ZtZE94MXk2azFNRWcwZ1dMWmdvR2p6MzNGLUpXS2RwNUhfU2hjelFZV00yV0RMUXVuQWlCd1JhNFZxNW1lNlAwUzhJLXFYQWfSAZYBQVVfeXFMUHhpWEd6X0ZXZGkzMFZqRnIydF93R1AtbnpsNWh3NDRzeUl5MVJQX0dxZFR6N0tSNVRycFh0UHRvcUlXSVlQQllMYWZGMVBvWE5uQ29IdE1kc0llUDVBVlZRbk9EV0VKdzVLMENNelVSUFhSTGROQi1HcWhyLV96LTV0THJKa0M2ZTV6VGNjY0g2eVNPaF9B?oc=5
2026-09-04T08:35:55+00:00,US: Pig kidney transplant helps man avoid dialysis for 271 days,Tribune Online,https://news.google.com/rss/articles/CBMilgFBVV95cUxOeHAtZWJNVVNSRzh1dGhyRFdSdk4yS3FZTkxZV3lJNlMwUGZ1OTZvS3F5b3dabDdwQVdiQTdGclE5SWh1amNMQ3ZfWHVua1hnZkdzMVc3TDJiR082VW92TE9wRE5RZnlvcV9VbzVYb2JtZk04NnhTN3NSeEJIV1l4NG9IMHJfcy1WTWJkZHlsTnBxSW13TnfSAZsBQVVfeXFMTy15ZGlERWRxNTB2ZW9maUhoUmgweGdELTRnbGlQVHIzRzFQN1JPNnVFZW5yUDMwNlNWNDJCSTBldDNfaW9HMWd3U1Vxc3NwbV90Z0FnUFZnbEhaYUVZMlZ3TWg3SXpiZ2xPdjF1NDBkY3VrTTF1Nnc2OFNmLThWUTZyNE50MzJCazVwY0g5N1NpOU14VUE2N256dWM?oc=5
2026-09-04T08:35:55+00:00,"Pig Kidney Works 271 Days in US Patient, Setting Record",streamlinefeed.co.ke,https://news.google.com/rss/articles/CBMikgFBVV95cUxON0RiQzZjYXU2RVg2QXpvOEwwU2syTnNTa0RtbUJVMlJkbTdjS3hQNEN1REFPVHhsblI5ZDNNN3pzYlRVRlJPYTNoNEpjeXlrLUNtOWZsQTR6QVphTEpuYWNGZjFwYzZpUTI3RlRmRnFuNE5zRXJBSlREQzZJWk1IcXJiQTFPRXJnMFA4Q29hazh5UQ?oc=5
2026-09-04T08:31:00+00:00,Transplanted pig kidney functioned in human for a record 271 days,Gazeta Express,https://news.google.com/rss/articles/CBMioAFBVV95cUxOUEg5NGd2OG85SlFSbTB3MG1hMjVlSVhrclctMFNRb1VtVUdFTF9USDdCWmlmVWZlektpeVJHc1FkMUVGaEgtbmVISm5YMEFKUkwtYXlIYzlDUE9HQXU0eU1TR0NYZ1d2UkZid2F5b2pUT0VydVNKYUpyRGVfRjJ6OElkcl9BazMyYk44XzE1UUo1RlBYOGJmUUJKNk9kT0NL?oc=5
2026-09-04T08:30:00+00:00,Un riñón de cerdo modificado genéticamente mantiene a un paciente 271 días sin diálisis hasta recibir un órgano humano,Diario Veterinario,https://news.google.com/rss/articles/CBMirwFBVV95cUxNOGJHbWZFVkFLY1ZSTG9OemhyR09TZVVLZ2tZbklhQnI2MDFtV1dENGJJcktTa0RCZ0xBVzZyb3JqMW1TZEtPcEFJaFBCQURrTzRpVnJqTGR0YVp0MEZjY0dKNXR0N2tSUGJkMG9wMjlCM3UzN3BHSVdVaV9ZWGVmMG1rNzVjMlo1bUNjcHM4SDZUUzFsVGhfdlVxamxsM0k2eUkzYWxLZktqS0R1THdr?oc=5
2026-09-04T08:21:12+00:00,Un paciente logra sobrevivir nueve meses sin diálisis gracias al trasplante de un riñón de cerdo,RTVE.es,https://news.google.com/rss/articles/CBMirgFBVV95cUxNNmdjRC05cE5Fay13a3Rzc2J2c1lyR0g5ay1vZWFJdHplRHFwOTBYMlZmVUVpY2dQT3VOMUQzOUNqdGcySnZHYllaRS1KdGRMbk5xQk51T3JYMVhxMG1VNTgza0hoLXhvTjU3U1F0ankwalpNdUQzNExsVHNwVzM1TmtSTXZzN2twRkRGREhiODU5LVowSDktWEcxd0N0MS1fQ0dDSEN6N3RUbTFFSFE?oc=5
2026-09-04T08:19:53+00:00,"""Lived for Nine Months Without Dialysis with a Pig Kidney,"" Then Successfully Received a Human Kidney Transplant",스포츠조선,https://news.google.com/rss/articles/CBMigAFBVV95cUxOdXYtMkF3Y041a08tSTB6UWlucnhSa012dnVpYmM0aTY4RW5KSmhGRmNHYVVEWXZSVFpuTXdCYWpWRWRJZXpRdlA3LVV0TUlXNm5rMktIUjR4eVZCaEFPS0NBLVhycW5ia2RZeWM3RXV2QVE3SWh0dUFxeTJpSXVBeA?oc=5
2026-09-04T08:14:09+00:00,Survives nine months with a pig kidney until receiving a human transplant,El Mundo America,https://news.google.com/rss/articles/CBMigwFBVV95cUxOSFo5WmpGT3BkLUxtUGk0SWxpR3FXQ3FyZ2w2VTVPTXJfdTB3MnBkMHoyYmdLUU5HQUVkV3BxUUhUMlRFU01LLXlQUnpHRFE5ZjZMTXdrdjgxcFdPNXhUSV9nU0J4RjlRWUgwUVhfNl90eERXY0paYmhCWXA2UVJ6RFMyRQ?oc=5
2026-09-04T08:10:40+00:00,Pig Kidney Keeps Man Alive 271 Days in Xenotransplant First,streamlinefeed.co.ke,https://news.google.com/rss/articles/CBMimAFBVV95cUxQXzdPZlBJMmg2OUxabWMzY1V2RnVQLXp1Z3gtcm11Z1p3RWJyWkJONDctUkEwa3pUUDBPYzd6NEhTMTNFVDJMMDBTUHFab1JHX0tRRHVYUnZpdVJmeHd1VW9KRHNGbE5GYUhXYXdIRm5QWWg1Tm40UThGVDVFTmlsb3E0SWtfcDdSWXNucEIxTjJWQms1NTFMVw?oc=5
2026-09-04T08:09:57+00:00,Genetically Modified Pig Kidney Works in US Man for Record 271 Days,Nigerian Bulletin,https://news.google.com/rss/articles/CBMiqwFBVV95cUxQOVVmWDlOeEdyN1RwcXZjd2ZYai1DcFhUTGZ0ZjhHd0tEM3RRZmtlYTdBeEFHbXhYbU5VZUdjMXM1anF6ekJJUWp2WlUzcno3MnRhN3Zlc0RrOUhxZjlmUmRXbnNtZlk3LVBEN2hLQm5oQkNfV0xVZER3R09BRDNuc3BxWl8zUlJ3bDhQSTJ4ZGloVmU0UTN2NVpzMnBYZVgxemVVZTQtcThfQlU?oc=5
2026-09-04T08:04:23+00:00,"Un riñón de cerdo mantiene con vida 271 días y sin diálisis a un paciente con enfermedad renal terminal, un nuevo récord",La Vanguardia,https://news.google.com/rss/articles/CBMivgFBVV95cUxNZ29VT2tvcnVlMVNtRDA3RjBjcm85OEx5YlNjSUpOY0JOYjdZemt5a0dQOUQxXzF0eHZNQjgwUWVMNHd0RkRUWHdINDdjbVZSX2VWdFlGeTI3WEY2OHhhMDAwMFZUTkoxUFdldnJBMklrSEpaTU1QVkpiNHEzS2I2dFVDUGY0NnZHaVkxSFVuLVVLWWRxS1FaSGhhTXczd0N6UHpldVgtQ2dlWkd6c2VwcUVYVDFsUTFEcnpONFZB0gHDAUFVX3lxTE13akxHdHRQb3lQSHdpNkFJNFhXaVFsOTJ1emxyejFpcnhwWTQ5NURNUjJ6U29uS1VjVzBTQkdfODRaZVM1amRoWkNYMm1udk5vakV4LTNJNlA2M3IxV2ZKNjE3U0g5XzZLdGpmclhUY054MjdsRnFHUmdGNXpDQV83c0RDbmVFQ2F1YW1KUzZPUzl6OW9TazNTcTJUcXBwNnh3dElMOWc5TUJvOHJBTndHaWl0eVBTYWNqRnpMNlFGLXlzVQ?oc=5
2026-09-04T08:02:14+00:00,Genetically Engineered Pig Kidneys Show Success In Human Transplant Trials At Massachusetts Hospital,International Business Times Australia,https://news.google.com/rss/articles/CBMijgFBVV95cUxOTk9iR0ZSZ3ZWRXJ5WGFtQjNjWUJSTFFJY3FLT2dhTXNHS2NBUzNEajVWbURjQXhwemxfbWNCYmFVVVVyV0ZoRDI2bEN5VEdKSmwxeUJtbUt6WXhzbFZwX0ZqdHBZV2trakJYd1EyYkVhNE85Ul9QRGIxdVZlZlZjZFp5dWRQUzlKaXFpelJR?oc=5
2026-09-04T07:48:25+00:00,Un hombre vive un récord de 271 días con un riñón de cerdo modificado genéticamente,ABC,https://news.google.com/rss/articles/CBMikAFBVV95cUxNU2JoSWJSZjBDQmhabEpYcUpldjdCRGR1TmNZeldSSGJMWDdPS0p3MU4tcjJtQXVIZzdHRVM2R3dRaE9uWTloRS1TNV9HQmJfLTNvYnNtUGVEZ25ma3JEYUZKdThpMjQ3TjZjaTRDWndLLURpMGtnYjNNSXBibDJkRXM5NUhxM2VyZlNJWU5OakTSAZYBQVVfeXFMUGd2TTlJMUIwckxNTDlGQTJTOGNaRXh2ZVZaV3VaallWZmZaM3pOZ1ZlSHBYcFE3M2gtaHN1TnZOWHV4MmZkZjFKOE9hc1JyMlFkeC0zeFRVYkNUbVlYWWJNRG9fX3Z2ZGZCNTlqdnlyTTlnaWZ3VXpDc0ZVRGROZjdLaWRyTjVqN0JEZ3hVVUZzU0tjLUpR?oc=5
2026-09-04T07:39:33+00:00,riñón de cerdo archivos,CDN,https://news.google.com/rss/articles/CBMiUkFVX3lxTE9EeENTb2h0WmZ2eFV5MzBuODNEQnlIbVNXVERpNGhrNUd3YURpRU52dDVUZ2JQZmRuTlFURjN5cEJhU0lkNWs1Ulk0ZGczNWx2LVE?oc=5
2026-09-04T07:31:00+00:00,Genetically Modified Pig Kidney Sets Record in Human Body,Head Topics,https://news.google.com/rss/articles/CBMingFBVV95cUxPcTdXWVVlZ1h2b2dfTnQzenN4N25ZQ2JrSHVQejBWMjlqcWhiYnlkUm1fRFBScFZQbnBSMmxCalZTTi0tVU0waXZRRlh1eG05cXlIR2xweUVadnNnZGhTb1I2dmdjM2VIRjdxdXdibldGR3ZVWVNTYXhXZ3A0UFJhTV92WFlxTDlkWS1LakdpT2tSNGNTczVaOFI1VlVKdw?oc=5
2026-09-04T07:06:23+00:00,Pig kidney keeps man dialysis-free for record 9 months,NewsBytes,https://news.google.com/rss/articles/CBMimwFBVV95cUxOVWdGWTlsLXE2QTR2N0YzcVktY21wckYtcnA3M09UWFJDeTVLMkhpWVlhVF9Pckh3NFQwYU1PWVgzUE8zemRYX0o2aWV0dG9aMG5rejYyOUxjbDY0c0dMVEF4bWs5QXZEOGE5SjZDYVZHZGthcFFBeEhGWklGSHlUc1FqRk92UVg4MzV5SnJoektIcndrdzVybmFzWQ?oc=5
2026-09-04T07:02:00+00:00,Gene-edited pig kidney bridges patients to human transplants - CHOSUNBIZ,biz.chosun.com,https://news.google.com/rss/articles/CBMigAFBVV95cUxNUmc3YWotQW5jUHk1NG9xYlNNbTMxSWYzWjM0YS01bk9tc0owWlR4eUlaZnF1TjZDZmFycnhxWDVlcFplMW9Mbjdhd21wczlqMUh1Q0pYX0hYSDE2U3hQRzFqem1GQzM3ZGlHZGgwWS1oQkM2S2NtbE9PdDR6ZDlBa9IBlAFBVV95cUxNdGQ2ZnFySF9GRk1JRWhyQzhpMzM1TWszck1GWnVWRmdmSF9jUGVLWmJVamY5b2g3SWEtMVBOazhKZ0NKWXlJdnVraENuYmxQLUlFYXp4UnQtN0RrUmd3Tk4wVmNNYUM4ZUEybGY2ZWNYbFhsLVRKdGtNSEZoTnlOY0ROUGFQSDNMSTlDT0lxSUVkX3BW?oc=5
2026-09-04T06:31:00+00:00,Pig kidney worked in a human for 271 days: Could gene-edited animal organs be the future of transplants?,The Times of India,https://news.google.com/rss/articles/CBMijAJBVV95cUxNQkJwTDlXdGZhSlNtZ2paYnRLbUpYeWVMX0oxTzdWbjQzc2Mtajhaa083bm52SE1jSDIyMmJHM01qWV8yWkFYSDZlTXJzVUo5b0ctSWxLQko3TkMyeFdoOTJydlFlY2p3OUkxd2VndmhLekNwVEJaUkdVZUw0dVFIVFk3SUlnLVhuSlJTMWRDSjlPaFVIM2NjZm1IekZIZ0NUZzQycHk5Z05PNG41ak9pb2ItU3ZZVXhzZVM3MEhNd20tVy0tWVNHNXV6bVY4T0NadElVaEZTNVp2S3NUVlp6NWYtcFJkcjJVbWVYblMyd2FRWkVzN1UxdkJEWHR3NzVYZGc1SXEyQjMyVmVu0gGSAkFVX3lxTE5CLXRCT2FnTlJZZ0ZpZjZRczFIekpWanpubF9ZNW5KU1h5bEI5ME9zczZGTDVzNVRwcU1wLU4xZThTMjB0Nm1HWk9SNjktMmg4elYzSlRRRFA3OTNXRXR5QmZGRmJCYUI4RWY1VkRNdE9ETTVYalltVDBuMnRmamw5Rkpwemg1TWdfYnhPR0dZXzQyNlZTODBwT3dRRE5qZEQ5dEZoOGxtVVNvYVU3bHBadFdoeVFnSGZHMk9OMGl3SW9mTG5jdXdlT1FOZjQ3MjZmaGkzVHBpWnRucnFaVFFQTndMXzdYbzZIRkxlNFVDZTVJX0hkVENUZWNtUjVqVTFFYkxSQVllR1kza3JLVXU5OVE?oc=5
2026-09-04T06:07:01+00:00,Hito médico: un paciente sobrevive nueve meses con un riñón de cerdo y sin necesitar diálisis hasta lograr uno humano,20minutos.es,https://news.google.com/rss/articles/CBMi7gFBVV95cUxPZzMtdVJqRmx6OWpkeE80ay1zNDI0V2kyakhvUktLT01YcGcyYmxqUDhUZTlDNFRsUkxyTjFCdjJBVHA0NGVUVHVDeHozOTRuemVUQVRzN3pjTDVzNGdCWTBhaldfSm13aDROTUMweFEyU2MzbXYtbnl3RWp2a0dXNGZleWo0R29kSTl0RGlXcWV2WkV3N3NhTHhfR21MeUo0VTdWazhHMWZSY0ExeGozUnM5OXNZLV9YdFpYU1NXcXpCcWdsYjgtSkl6czdXR0JiMjktMG9WVlViYjNzeWJaUnNCZV82TDNCb0o2cGdn?oc=5
2026-09-04T06:06:38+00:00,Genetically engineered pig kidney kept a man off dialysis for 9 months — It is a world record,ThePrint,https://news.google.com/rss/articles/CBMikwFBVV95cUxNbUZ1WkEtanFQMy1BUHhLTjNPNVB1dC1WeXJIN1JHbVdtS0NLV00xLWMtVUdiQWUwVWowSDBUOVUxaS1YRy0ydDRCcUhhdVpPM2xoUkxmYl8xVFA3QklQRnI2YVZwMHlzMUxtQkcycFZJd0hSaW5UM2ttUXVCYnQ2bGlfXzdma1E3UGZYOF81cXpxT3PSAZgBQVVfeXFMUC1Ka0UxTWdUcy01c2xiN01icTZiNi1fd0JEdTNUOHQ4ckpCYi1DNkZWRnloZE1zazZLLXg0Mm1RM2ZLM01TejBneVpsR2g5LUJCOFpzRDBqR1p2Qzd3OThLcXdreEx0WFFOVUlNcUlzWlpVYnpaNkdoWTlkckttRThhNXJCNUtTM3dCTWhzeFRtcWk2cHZjQXY?oc=5
2026-09-04T05:58:13+00:00,Genetically modified pig kidney bridges man to human transplant,Free Press Kashmir,https://news.google.com/rss/articles/CBMiqAFBVV95cUxOeThqMDNGWVUxQVVYZUdYWDNvX1paRm1FdjdZQk1TVmpoUHlBcGdSZnUzc2VTRU84X2dXMWJmRXMtVlhZV1ZsWndUZ1hYcVRqZ0ZqLVllTEEydXVvUzMtZkxIdG9YTFA2OW9FMGNXRTVwcmRUTURrdFYxWU5BNnBSYnVnRU8wUVhCMk9pTW44UE5iLVltNzFDdFRXc0JRbjYtQktIX25wY3bSAa4BQVVfeXFMT1pXN1k3RVJhREVSdlNacHlyOGNtUUFRbGtLTEpsMFIxdXZvQzlIekozcnpGYnllT2o4TUJQSGFReER1Mm5ITWdVVFc5UVVfVnN5ZjV2Nlg2R1FmOF9rSmVpMzNKUWc3M1F1aUxzWXhFRlNFcjJFeExuZDBBRFNBcTJhQ2xLd295NVdpRlN4NU9fd1VCUU1mUzdNZ2kzS1Ytajdfb2dRRmN6dV9ZZ2R3?oc=5
2026-09-04T05:28:28+00:00,Man kept alive by pig kidney for nine months in world first,Newswav,https://news.google.com/rss/articles/CBMiogFBVV95cUxQVHlqQ2hCMHM1V3N6UkZfZFlOWktRZTY4LUxfRHMwVDFYTEZFa013bklfc0FuMXQ1dnBkMEMtdGhzMGEwYUpJZnNnWHdTMFhla0trM1lUNmtjVDZ3TXI4SlFFcjUyX241cVA0SDRiUWEtUFQ5c2FoNDl3UjdUMTRGX2R3MXpfQk1IQ2h4ejlueEx5STJ6V2hiTVlLZDJ5cjJQanc?oc=5
2026-09-04T05:23:36+00:00,Pig kidney keeps US woman off dialysis for record nine months as human trials near,PRESS Insider,https://news.google.com/rss/articles/CBMiuwFBVV95cUxPSC1uNVc4NXY5T29rNWNoWVRmYWR5cjJWcVQ4RGJTZnRORFg2R0kyaEFfRmt2NGI3OTFia1BDeUFyTDI5RjBiVGh5TVBwR19QVXd1NFBMcEUwS2hyaGs4VlBhMWloV3ppUC1yTUhDeUU4d2g2NkZKRjc4clRhdTR6bU1qekVaZzFFN2Z0bVNQN0s0UGQ2WTQ5SG1SR2dKdnJrQVQ3bEpNeFhrMkFvN3BMalAtTW1OeUNFUDRB?oc=5
2026-09-04T05:15:38+00:00,Man lived with pig kidney for nine months before human transplant,inkl,https://news.google.com/rss/articles/CBMilgFBVV95cUxObHl2ZTItLVJKX2hMZi15STFIblhRb0Z4ZlRfLUg1cHowdHhORUZrR0hBQl9nb1lWUEhHWDNiNTNkbmdGa3lYNTM3WGQzbHdYYVhxaDJxNUdfZEI1cUFXQVkwOExpZVhKbXZsVC1mWF9RWThFSDM3WXhsbHIzT3M1OUtteE8ySVhKQlhBTnhNYVZsWFR4UkE?oc=5
2026-09-04T05:10:25+00:00,"Man Spends 9 Months With Pig Kidney, Later Receives Human Organ In World-First Medical Milestone",Free Press Journal,https://news.google.com/rss/articles/CBMi0wFBVV95cUxQa0o1ZzJJVEFpcUpEc3ptRGlWdHlVYWNDNXljR1hLQ29rSnAyd0tiZUpqZjBGYm4ycHRSc19Bc1lRbVhKU1NVVjBfeU1LUmtaMndaS2k2bDdNbjhjRjFfb2lKemN2OWtoS1B0TlpwNlBxV01RUEVyeXBkTHN4c1FiZmJsUnlQelZjc1cxVGthSjQ2Sm52a0FUUXNIZHpxWW1TVXpWcldNYklYUVZWOHBKN2lxZ3VUWnZWMFpEemRaeXhfRUxfYWxpcHpfS0FubGZrLU9J0gHYAUFVX3lxTE45ZnVQZXJoOXZlMWs5REg0eWwwWUNKWkwwVzdxSmRrSnVHYkZMcXRiRnpwZGlwcVN1d2VJZEhHMDJqTl9IRGoyTDNFal9xUzQwUGFyZ3pIZC1iZ0tvRExiOXlpbmloc0Z1NTNuRmgzUGpHZkY4TkZjMEhTeWlDdE1JeXR3MHVpcS1jZllPRWxTdml3TGZxOFNfcGJHeGxLd0xhbkozRjZ4NDhpOTRyOHFtT1NOVWZWRXJWYzk0eXljQUVlb19WYXNRLTlrUTViRFhkV3V0NThmbg?oc=5
2026-09-04T05:09:29+00:00,Genetically Modified Pig Kidney Functioned in Human Body for 271 Days,english.ratopati.com,https://news.google.com/rss/articles/CBMikgFBVV95cUxPajNZV09CTFJuMngxUDZOMGN1UWFNNzU2OXhNMkhLTGQxX3VvR083andSRy1jQXYyRUVwanZWeEl4UjgwR2poVXBHQlB3Qnd6c1EwdE1OVWMwMi04a3NHREE2eGxfbmRZYzN6VmJONHlvcENRUTVWa0FwU3diSXhGVnV5M2Utb29McG94NWk3YUhIQQ?oc=5
2026-09-04T05:08:57+00:00,Vivió 9 meses con un riñón porcino antes de recibir la donación humana,Euronews.com,https://news.google.com/rss/articles/CBMitgFBVV95cUxPU0p6X3FRNVBmcXNaS3V2SFZTbkhzeE9EQ1lfQkI5WnJUWWprNWU2TkhXeGIzZjBVNlplY2tCUW9xZldOaThqVkM3OUoxbG9NWExQTnpROVlQbFUwQmlPUk9UVjVOR3NlSHZSXzlsR0hEaTdhVFAyRVlVVkFGTm1jdW8zbjliaHBocXJzSDJieENjcHdCRWFKTmd2YjlmTDRZUWVWeVh2UmJoR0xqQm9kTmFHQk1UQQ?oc=5
2026-09-04T04:55:00+00:00,Así ha conseguido la ciencia que un hombre sobreviva nueve meses con un riñón de cerdo hasta recibir uno humano,EL PAÍS,https://news.google.com/rss/articles/CBMi6AFBVV95cUxQcmo3RC1rNUtUOFA1bG9qNVNRa1hHd01BalltWlNBdnNrSklWSnBqN21oeTV5anFNNkVKN1JHZGpja09Ic1JXTXVXYmo3bEZna1NWaDluWVlod1FfU3NUbzdqdGxwUU1VM2tjWUV3aUl3eVlwSnh3UExyamtqVi0yNnJ3OGVMeFVPaXpSOHVzSU5FRXFYdVE0Wk5ZQkk0WS1sbjBpaHpudXV3RFZXdnJFSm5MdkN3YWRxY0JCNE9KNXVMeWdTaUZxREFOWmZpYlhJdmdLODEzbzZZNklJZFpJT2R2SE5VdUFq?oc=5
2026-09-04T04:45:00+00:00,Pig Kidney Makes Man 271 Days Blood-Free Before Receiving Human Donor,voi.id,https://news.google.com/rss/articles/CBMiS0FVX3lxTE0zc01MVnFIdFYxblJHci1HWkNRN3Zzc21CZ3RPQjhIMnBvel82SkRuVm5JeWlLLUdwbUlzSUVCLW1yVDZ5R29vb29hc9IBQkFVX3lxTE5GNzdtZ21yZHA2LTZKYldGbjVBSExmRGU3b1RqUXdfYkppUlJjVGpNMzFpU3QtUlZ5ZHhCb3pwWnNGZw?oc=5
2026-09-04T04:15:09+00:00,Pig kidney works for 271 days in US man,Banglanews24,https://news.google.com/rss/articles/CBMiaEFVX3lxTE1TRUlnYzhoNS1KWW1wNTNLYjBIcndMQzlDa24xSk1ZcUZ1dzd2WDdOelhjNmQ2Y2JMYmFrM3Fjc1dSQ051emhmUjN6M2E1U3ZNQjVaWXg4Y1lJWVZrSFJNYXJGVlNIS1Vk?oc=5
2026-09-04T04:03:33+00:00,Pig Kidney Bridge to Human Transplant Marks Medical First and Breakthrough in Xenotransplantation,Daily Tribune,https://news.google.com/rss/articles/CBMinwFBVV95cUxPa2s3WXFJdDNSLVZuQUV6OTk0WEtxZXpzUnRJU2FxekV3bHBYNGRkd2tTRWpuQm9FdU1YOU9aWHJFalI0NEFYOUhoZkRnUnJKZUNVM0JIRkhxdU4ycXk4Y1ZQY1hPbGdDNEhPbUZIUDhYVGNIbVJLcDZRVVZZakVXS2duLTJyclVmSVZVcTJpaDdHMVNvdHZ0Vl9VZFRqaGc?oc=5
2026-09-04T03:41:19+00:00,Un riñón de cerdo modificado genéticamente mantuvo a un hombre sin diálisis durante nueve meses,Univision,https://news.google.com/rss/articles/CBMi0gFBVV95cUxPOXZyQW1GVGV2RGlJa2Z4WjZDSnk2T1o1V25VdHF4bWNvRng0eXdKYXB3Rjl3VVVRcU9YTi1hc1NocEg2alNRUWdwbkFnUEVRbkluTThNSG1uTFZSM2FDSVRmYld2bWloQVduUnRldzlnQmN0OWJ0MzhISUpHRjh4aEo0N2RUVFdYekJPc296Wk1FTDFKcXgxMUpZYWFrQW5sVDZCcFhXLTZDZTZRN3JwcHRNUlVNR3ZVWWU2R2pzR2ZGbjBESHM1aVJPN09BenhkelE?oc=5
2026-09-04T03:11:54+00:00,Patient lived with world's first pig kidney transplant for nine months before getting human organ,Sky News,https://news.google.com/rss/articles/CBMizAFBVV95cUxNWkZnOGV3QnZCZDZlYWEwSlU1S0JTWHRGTm9Rb2V5VU9rMFJCcDNzeTctR2w3UkM4ZWhSUHlqZzN4VE0wNkJ6UWhScThPM1hBZU5HS0l6R2twNDlFLVFfODRmNEhhdnhaTlhGRXZCcG1abEROQTdham8zVkNlcWd6Mk1kNGVKVHA1Z0N6ZUdoMTgtWWFCOUxLdHRham9wencxWndRX3NzcU5KdFR3OWFBVXBib0t2Wm9jMWpPdVpDNFN5bV81bW52Y3U5em4?oc=5
2026-09-04T02:59:26+00:00,Un paciente establece un récord al sobrevivir 9 meses gracias a un trasplante temporal de riñón de cerdo.,vietnam.vn,https://news.google.com/rss/articles/CBMimgFBVV95cUxPbm5zeWhLbC15QkJwR1lBdE9rNm5aenNaMllMVTdDcWdjTVBGSHN3VkhkTWdmT1Y1MWZBaGlKRmRnNGVXbXpMYmNiMzBFM3gwRHZxbzgtV0thbkJ6TGNscnBFNk9EMUQyWHZzNWw2aFBCM1BoXzdWUFgtWGswSHR2bU1fQ1ZSSmx0ZnVmVTRUVjZWVDlUV3dEOFZn?oc=5
2026-09-04T01:41:59+00:00,eGenesis Announces Clinical Update in Ongoing Expanded Access Study of EGEN-2784 in Patients with Kidney Failure,BioSpace,https://news.google.com/rss/articles/CBMi5wFBVV95cUxOanZQQnFxXy1NSXUtSVRPNkc5elR6WGNDTVJYZ2JtY2RIYjdpQi1UU3Myc1RQcGpGUEx6ZTR0ZkhkRk4yWTdTWW5qUC04a0xRZWhaSTJ1LXp2SWdiY2F1WUltNFNpblNsaFhKOFJOLTVtRXFpRVZZanhreXVtbTZJeVIxT3ZfNGRlQ2tmdFB5Sm53RjNTcDVXeXhHd0RCOFFaaEVwRWtHWElQQkNwSHlsYkFpMjdCVmZkeHYxQi0yTEVNc0pSYm5jZnJ1VmZSQVB0RHRmME9vVWdYYXNoUy1rTkY3alpULTA?oc=5
2026-09-04T01:41:29+00:00,Pig kidneys successfully transplanted into humans,Financial Times,https://news.google.com/rss/articles/CBMihAFBVV95cUxOYTJCblBuMDFwcEV0eGhXZFZCZDhTNGZjb0t3NkxvQTdWUERjT3VlUWZTaWVabU1mbGVwNzVjVi1FcFJDMTdxLXRIek5NU2VQd0NmVHdOMzJJR181Z0llcFJ2Q0VrTWF1eW5LcktabHVINU1xSFpyN3dQYWg1ajh5bjhuLWU?oc=5
2026-09-04T00:00:54+00:00,Patient Who Received Pig Kidney Becomes First To Progress to Human Kidney Transplant,hms.harvard.edu,https://news.google.com/rss/articles/CBMiqwFBVV95cUxOUFc1NHBKTkFUbjYtZHRYWlBQT0VJVEc4N1Q3NDd6dGdLVE54STFyRHl5ckF2X01KdGFpdHFqR0FmdjZkRWtrSDhJMlViNmoxajhEdWRWZ1dQdjdUX0FNVjNzV3lTMG9Oazc3VWZjemtmVW40eXRzR3dONWp2VFNQYVVvMmhfVzVEbHJ2ZkFuTUdDQTdBOVMwal9tYkNadm5wa2ZiTnBDTlBrNU0?oc=5
2026-09-04T00:00:00+00:00,Special Collection: Abstracts from IUNS-ICN Paris 2025,Europe PMC,https://europepmc.org/article/PMC/PMC13439031
2026-09-03T22:43:30+00:00,Kidney disease patient survives nine months with transplanted PIG'S organ in world first as he waited for human donor,The Sun,https://news.google.com/rss/articles/CBMilwFBVV95cUxNUk51VDBYd0YyYjk0bk8tdUdjQ05OVVc3ODlTLWFEUURwQm9QanRQTjhydVNVeEg2Qld4eG9fWnZ3LXh3Y1E3ZEZzQW82a0c5VHJKTUNtU0ZRU3ZGNWstMmtpTFlaQ1E4VTU1eWFfdkJvYzhWNzZ4U3BmbnhKTU5HNkdKcUpabmJreTBMamFlejMtYmQ0M2VJ?oc=5
2026-09-03T22:31:23+00:00,Pig kidney works in human body for 271 days - is this the future of organ transplants?,BBC,https://news.google.com/rss/articles/CBMiWkFVX3lxTE9Hd1ljNTBuQ0NxSlBfVXRSM2R6WkhldEw0d19FQ05iZGVWSFNuQ0tmNndRUWRJOFdycDhac1VpUFJoY1lrMTR0QVVwci1kR3dSeUsySU9RZUh2UQ?oc=5
2026-09-03T22:30:46+00:00,I'm the first person in the world to have survived a PIG kidney transplant...18 months later I'm healthier than I ever thought I could be,Daily Mail,https://news.google.com/rss/articles/CBMi2AFBVV95cUxNSEh6V3dRSWhTQjRRUnVfajJ4ZTI1MVlmOU43X2E4UkgxTUNiZHFsTHJxbXdBV0p6U2ltU3NYSU0xUURMYV92S3JYdjRBNXpoNU0wZjVxVi1UaV9temRWM0RrcUZBYUtmcUowZnEyMjhGTFpQbWFVbDhmMEFaY0VJNHIySU5SeHN6NVNtWHNTUDVpZ1ZYZnRNTHZOS1hZSlkxQk42eDV6SnMtRGlTeDF1S0ZTOEM1dlphWk94STNybi1UZnJHeTFvTVpfX2NMY1dKUTZqTFVLdVjSAd4BQVVfeXFMUFBvVW03WDZUMHBXY21Qc1hCRThTeWJaMkFLMkNFcUp1eUhUMm1mSHgxeExOUUN1aVpUNzU0UGlVTzVBLU1tTTlmeXdyVWYxcTdFSk5ENGR2QVZrU25pd2xqYmNnMUE3U2FLN0F0NFhuSVp6VlZLSGpyVzZOS3U5RTBiRjljUGs5RU01cDhyaTBLb09aZ3NtTjc1aTZHU1ZaZi1JVVp6azRsdXlpRlVqQnRuWnJoSEJ4Z3BQUGNzeU9RUXNfb0w4VUxkRVpFbDVmaWtNQ1JEMkE4OE11NC13?oc=5
2026-09-03T22:30:44+00:00,Pig kidney kept a man off dialysis for nine months in world first,New Scientist,https://news.google.com/rss/articles/CBMisAFBVV95cUxQSUZXckZqTGk0eVd4Qldta3I4QVlVY1lORzN0cEtTcXNZcVVQYW9mOWxiVlNWb3E4enJqV3VKSENaSFVFamlmYm1zUTh1c0c3YkRmTGwwWk1kNmQ2ZXV3NFVzQ21felh3cjMxT1I1UlVoampvZmp3amxRSWVDaWJmTDBFdlk1UHRvci1EejlLbGtNRm04VnVfa1hnU2QtelM1WU9vQlF0Q1JmZXptd1o4Yw?oc=5
2026-09-03T22:30:07+00:00,"In a First, a Pig Kidney Kept a Patient Alive Until He Got a Human One",The New York Times,https://news.google.com/rss/articles/CBMifkFVX3lxTE1MVmZKYjFSbFpCclBrR21ud0RXeTlQanZKcjNFWXQyTWR5Y3FJZWItLVVDMFhtQXVLTFB1OEJjWmk2c2RjaTBob0V2QUpFeTJyVHoxUXBidVFRcUtMdlRaVEluUVlUbldMV3FWLUgyenFVMU9yem4tOE4yUU84QQ?oc=5
2026-09-03T22:30:06+00:00,Kidney Xenotransplantation Successful Stop-Gap Until Allotransplantation,Inside Precision Medicine,https://news.google.com/rss/articles/CBMizgFBVV95cUxPUG93TU9GYTJyTWpDSXBZcXlTQV9wNWxPdGZnSjJISWVOSml2WXZhRWJUVnpMYkU0TERsOWs2YWZGV1FyNmxhWGlLZC1ENW4yR0VLVVdXRWpFUFBXQVZDREpaNjBsMnU0blRpMTVSS0xVa21NYkltbkI0T2l4WnJEYzBiRUNLQUFXMmNGU2x4V3pWNVZDcThKOUlGcmlfdFowNFE5ZS1qVnNIeUFQWkNLeVJqVXh2bTExeW5pLUdoMkd0OUhjMWlkRzZVSzVoZw?oc=5
2026-09-03T22:30:02+00:00,Pig kidney xenotransplant successfully bridges patient with end-stage kidney disease to human transplant,Medical Xpress,https://news.google.com/rss/articles/CBMilAFBVV95cUxOVWpFeUNZVFlOYjV1OGxUNU1nOTlvUDFXZ1hzcGNjSVBjeGY1ekhCblNhQXFiZjQzZGF5ZHNWNFVFWkJzS0k3bVlxLWxBTVYwNHEyWVVYbGtCMW93b19tWF9LNDcyR1l0RGhoZWN2X1FIaHdRbEpEYXBUM1gtWGoxdnBBZkkweUxiM3dkNXdtY0ZqeGFk?oc=5
2026-09-03T22:30:00+00:00,A Transplanted Pig Kidney Is Still Working After a Record-Setting 9 Months in a Patient,WIRED,https://news.google.com/rss/articles/CBMikgFBVV95cUxPSVBCV2pYaDJHejJuUUMwbXFuUGFMakhEaDQ1TGpMTTMyUWVSakcwbmRJamF1TDM3bTN4SHJ1V2FEWjJ2RWY0U0haUWtaVkNIcDJqbDU4VVFma2JiSnlRQ1hJdUplOXBaTkg0MkdOQk1Sc2VpeXdyeFZlT3FmcFJqa1pmZEJvVENxeV9VRmZTMjBKZw?oc=5
2026-09-03T22:30:00+00:00,Pig kidney transplant let man live without needing dialysis for nine months in world-first,Daily Mirror,https://news.google.com/rss/articles/CBMihgFBVV95cUxOMTFaeHpQRzkzMkJiNC1Kc01nVzRxTWp2cGtZdVBGYXNRMFhDcXBHSW9IMVh3aXVUVGVHN0dGSHB5YUx3N211NHE2MDJaZVdxeGU0WFc0cFBHWmdJM3l3MEgwc05keGpTOEdhS1dwMkhYdTR0Q3BMZC0yRnJiQ1RGUVhPbkRYZw?oc=5
2026-09-03T22:01:29+00:00,Nueve meses con un riñón de cerdo para salvar la vida,RTVE.es,https://news.google.com/rss/articles/CBMirAFBVV95cUxOSEIyWlRwamY4YVRUZzZrcTZDeFFpWldlZTV6UkcwUWg3NkQyRHZVRHF6UUJ0MFhRaHdIT1BtNC1lckVITGJKcXF5ZGpHbHRIeFl4c3ZZZ1g3dzFjRTE5NW1xTXB4VlNjOEEwRGhDR2NoNmk4MkRyTVdaZWNtcnN0VWNYQjJocmFqMWgwTi1fZTg0UXUwZ3FKY0ZRN0ozbXQtd0t4M2pBbUVFTXVz?oc=5
2026-09-03T20:52:53+00:00,Man survives with modified pig kidney for nine months in world first | ITV News,ITVX,https://news.google.com/rss/articles/CBMipwFBVV95cUxNRXJUeXg1cVZhNnpYNk5tdVoySFFCQWcwY19rSHpDdFdvV0IzeVZPZlhLdDNhdF96Nkp6UVk4UHBlN01pSEI0QVNQSnZlS1U0alp5QjBNbFJRN1dLNjIzVmNMSHF6blpHQVdDYkJJLUsybjJiOFg1NWZMbHVFS19lNUVGR3dKVHlYeThQdmFNMUdvSUs5NHRBRnhyd0JMUXB5dFVldnBWaw?oc=5
2026-09-03T00:00:00+00:00,Neurocardiology: Brain-Heart Interactions in the Heart,Europe PMC,https://doi.org/10.1002/mco2.70935
2026-09-03T00:00:00+00:00,Human and Porcine Marginal Chordal Forces in a Vacuum Based Physiological In Vitro Mitral Valve Model,Europe PMC,https://doi.org/10.1007/s13239-026-00857-7
2026-09-03T00:00:00+00:00,Pleura organoid transplantation facilitates visceral pleural repair through CD133&lt;sup&gt;+&lt;/sup&gt; progenitor cell-mediated regeneration,Europe PMC,https://doi.org/10.1038/s12276-026-01825-w
2026-09-03T00:00:00+00:00,Kidney xenotransplantation-bridge to allotransplantation or destination treatment?,Europe PMC,https://doi.org/10.1016/s0140-6736(26)01479-0
2026-09-03T00:00:00+00:00,Porcine kidney xenotransplantation as a bridge to allotransplantation: a first-in-human study,Europe PMC,https://doi.org/10.1016/s0140-6736(26)01295-x
2026-09-03T00:00:00+00:00,Orthotopic Porcine Liver and Kidney Xenotransplantation as a Step Toward Multi-Organ Replacement,International Journal of Biological Sciences,https://doi.org/10.7150/ijbs.139541
2026-09-02T00:00:00+00:00,Triple gene-knockout xenogeneic bone repair material achieves synergistic optimization of bone repair immunomicroenvironment and bone regeneration via antigen-immunity-inflammation axis modulation. ,Europe PMC,https://doi.org/10.1016/j.biomaterials.2026.124609
2026-09-02T00:00:00+00:00,Study of ChoironeX GalKO Porcine Thymokidney Xenotransplantation in End-Stage Renal Disease,"ClinicalTrials.gov · Xeno Holdings (US), LLC dba ChoironeX",https://clinicaltrials.gov/study/NCT07696962
2026-09-01T11:27:16+00:00,Stewartville's xenotransplant pig facility is ready for animals,Post Bulletin,https://news.google.com/rss/articles/CBMiogFBVV95cUxPZkZjeEdTaGRoSzdadGlBRXN5TG5RRnlJbzFYcW56M2RMWXozWlZQTk5yUnJHSG5iMTNLWTlnd1o1eGxUaVJJMzlPWG80RHUwZldOMFhuQUFfRkdFS2NwU0NpeEJ2bFhJXzZ2TzhuNFZvenlGSmktUl9rb01XQXp6QzlkcjVTb2U2V1BhZUxoNlZONTloR0duYkxmVmxqREM3aFE?oc=5
2026-09-01T01:57:13+00:00,"Over 90% of Human Rabies Cases in The US Aren't Detected, Study Finds",ScienceAlert,https://news.google.com/rss/articles/CBMijwFBVV95cUxPOEw2MVJWdkVhZlNYVXNoMjR1QkN2blBCTktUUG50M1dzdTdxbTBKN2wzNzdhbTNZTi13NWRka2lNYWFLV1EwOHVlM1B1VFgtc1Q5eFVlSVpxQS1tRGtFMU0tUHQwdXlWaGdneWcxTUh0dXNyRFlYeFRsTnplNm5vTDlaSVVucFhLeGVoOW80cw?oc=5
2026-09-01T01:36:00+00:00,China punishes 10 for spreading ‘fake’ flood toll,The Times of India,https://news.google.com/rss/articles/CBMivgFBVV95cUxNamFhV0hNRFVNby1INWtMbWFLNm9sTzNFOG1JV3N4SEVHemlCb0l1TmtUSDN5cVNpV0tpQ2xnNkRVcWxQNHFoX0lOOUNJMVNmNUlDay1Hd09VXzlFMFk4alhISG54LV9yN2kwMTBNckY3TVlVNmVLeXFXRHBvaElPQ1p6a2t5NXZnM2hhVHZTcmExZlVTQlNjMjl6UHNKSEtyd3MtUnZCX1ByQ0QwNkxzeTVtTmNuRHo5dFR6dGFR0gHDAUFVX3lxTE8zV2xxQ0hDbEZKVzcyaEtDQlQ3bHIxTmVZQnJTUklMQU9hbFFsLURlRGNtaE9UOWxucm4wYnpfUXZNeWEyR1N2THJnQ0hyLTl4UzA3dWcxc19yTmlHMlBlQXBYYnp3R0Z3cFpDZG56Sk94NjFqM1p4dU1lTDBaRHJPaXFuTmxXdFVqMzNwVkRjY1NMZ2xuUU5kalRCVXNybV9GRGlEejBtbzRlNVpFWHAwb0MweXR3RkdKaVNEdnk2YWdKVQ?oc=5
2026-09-01T00:00:00+00:00,"PROTEINURIA AFTER PIG KIDNEY XENOTRANSPLANTATION: A POTENTIAL UNIFYING HYPOTHESIS LINKING MECHANICAL, INNATE, AND ADAPTIVE INJURY PATHWAYS",Europe PMC,https://doi.org/10.1016/j.ajt.2026.08.015
2026-09-01T00:00:00+00:00,Xenotransplantation: The Next Surgical Revolution for Acute Liver Failure?,Europe PMC,https://doi.org/10.1097/sla.0000000000007186
2026-09-01T00:00:00+00:00,"Artificial Intelligence in Xenotransplantation: A Prioritized Roadmap for Early Clinical Translation, Opportunities and Challenges",Europe PMC,https://doi.org/10.1111/xen.70162
2026-09-01T00:00:00+00:00,Proteomic Identification of Pig Xenoantigens for Clinical Xenotransplantation,Europe PMC,https://doi.org/10.1021/acs.jproteome.5c01244
2026-09-01T00:00:00+00:00,"Peptide Therapeutics for Solid Tumors: Functional Classes, AI-Enhanced Discovery and Clinical Advances",Europe PMC,https://doi.org/10.1002/psc.70119
2026-09-01T00:00:00+00:00,"Morphological and Biomechanical Characterization of Amniotic Membranes Across Species: Equine, Canine, Porcine, Ovine, and Human Samples-A Pilot Study",Europe PMC,https://doi.org/10.1111/vop.70236
2026-09-01T00:00:00+00:00,Xenotransplantation,Annals of Surgery,https://doi.org/10.1097/sla.0000000000007186
2026-09-01T00:00:00+00:00,Swine in Biomedical Research: A Synergistic Approach with Human-Based Technologies,NIH RePORTER · UNIVERSITY OF WISCONSIN-MADISON,https://reporter.nih.gov/project-details/1R13OD042631-01
2026-08-31T13:00:00+00:00,España aporta casi uno de cada cuatro donantes de órganos de la Unión Europea,IM Médico,https://news.google.com/rss/articles/CBMiugFBVV95cUxNZVB2NWpfR29xWXlwTVZOWWlNR09DTzFHaTk1OVN2ZkZtLWNYUGhtVFhmTmYtUk1ZdWloV1hWU1R2bnB2VXB5T09VYXMtUHBzWEJPenpRZkxyT25Wazd6eG9KS3M2NXJHZ3BSdEQ4VWFROXYwSE83MjdrbW90WnI1Nm9FSVFqX0s1TGw4VXRZaFpJTVJzd054YmM2ZFdWdlFnRWVNR2FzOHNPYWRFQ2VOd3Y0LTBuYkYtQVHSAboBQVVfeXFMTWVQdjVqX0dvcVl5cE1WTllpTUdPQ08xR2k5NTlTdmZGbS1jWFBobVRYZk5mLVJNWXVpaFdYVlNUdm5wdlVweU9PVWFzLVBwc1hCT3p6UWZMck9uVms3enhvSktzNjVyR2dwUnREOFVhUTl2MEhPNzI3a21vdFpyNTZvRUlRal9LNUxsOFV0WWhaSU1Sc3dOeGJjNmRXVnZRZ0VlTUdhczhzT2FkRUNlTnd2NC0wbmJGLUFR?oc=5
2026-08-31T00:00:00+00:00,Non-genetic remodeling drives leukemia propagation and reveals actionable vulnerabilities in acute myeloid leukemia,Europe PMC,https://doi.org/10.1016/j.xcrm.2026.103017
2026-08-31T00:00:00+00:00,Context-dependent genetic regulation of gene expression in pigs,Europe PMC,https://doi.org/10.1093/genetics/iyag234
2026-08-31T00:00:00+00:00,"411.2: The potential of Macaca fuscata, as a recipient model for porcine islet xenotransplantation.",Transplantation,https://doi.org/10.1097/01.tp.0001251724.13772.3f
2026-08-31T00:00:00+00:00,P2.218: Fabrication and functional validation of parathyroid organoids for xenotransplantation in non-human primates: Therapeutic approaches to hypoparathyroidism.,Transplantation,https://doi.org/10.1097/01.tp.0001252972.49351.23
2026-08-31T00:00:00+00:00,385.7: Sequential allotransplantation after failure of pig-to-rhesus monkey kidney xenotransplantation: A case report.,Transplantation,https://doi.org/10.1097/01.tp.0001251340.49365.ab
2026-08-31T00:00:00+00:00,385.6: Preformed and De Novo xenoreactive IgM antibodies contribute to early xenograft loss in pig-to-monkey kidney xenotransplantation.,Transplantation,https://doi.org/10.1097/01.tp.0001251336.23667.52
2026-08-31T00:00:00+00:00,385.5: Antibody responses against swine leukocyte antigens contribute to early rejection after pig-to-monkey kidney xenotransplantation.,Transplantation,https://doi.org/10.1097/01.tp.0001251332.82307.d0
2026-08-31T00:00:00+00:00,115.1: Early clinical experience with gene-edited porcine kidney xenotransplantation in four living human recipients.,Transplantation,https://doi.org/10.1097/tp.0000000000005854
2026-08-31T00:00:00+00:00,385.4: First large-cohort study profiling the baseline immunological status for xenotransplantation in liver transplant candidates: Implications for safe bridging from gene-edited pigs.,Transplantation,https://doi.org/10.1097/01.tp.0001251328.18633.25
2026-08-31T00:00:00+00:00,"385.3: Human thrombomodulin improves early coagulopathy, but innate immune–driven injury limits survival in pig-to-NHP liver xenotransplantation.",Transplantation,https://doi.org/10.1097/01.tp.0001251324.41313.d4
2026-08-31T00:00:00+00:00,331.3: Pre-IND evaluation of orthotopic cardiac xenotransplantation using ten-gene-edited porcine donor hearts with a clinically relevant immunosuppressive regimen in non-human primates.,Transplantation,https://doi.org/10.1097/01.tp.0001250832.98850.65
2026-08-30T12:15:14+00:00,"Trasplantes de cerdo, la gran esperanza",Exclusiva | Plataforma de noticias,https://news.google.com/rss/articles/CBMieEFVX3lxTFBPUWZ0X1VOVXk4QUhSYVZuTl8wdE1sQVdsbHpjM2xzNk9rU0RoU0k1VFRtNW04eThWeTVUUG03SUp5OFEzbG9McWk2WDhNbEtMeGl6WEZpbW1nMWJkVlVOUnZDck92a3I0cmdnbDZtM3YwQndDN2pnUw?oc=5
2026-08-30T06:49:42+00:00,Chinese surgeons perform first pig kidney transplant in Asia,Turkmenportal.com,https://news.google.com/rss/articles/CBMi_wFBVV95cUxQRGlpLVNsdEVKY3M4VVZtN3hZTm5QeUd5M3l2R09oeE12Q3R1U3QtLUdGRlZSOTl6SmpCLVpPcVNUME9HMmN1RnFqYXVsZXVXc1dTcmlYNHBrdnBHcDZ6YWRKQ2l5d3huWXBzMHlhX3k1czB5clNqYUlTSGNiVXc5cWU0OWxCUTVBeHdqUy1DamlqRTc4SGFvdWc2aVpmTlJCelJYUnVBdElxTUdEc0pCYVU3dWloQnRuc2hHY2JIZnExVnZOdm9sakl3UE84RWRJbVNHSWFfVlRzV2FvaWs0bUd4RjlQblBGQkNNV05MY2htMzQzckF2NVcxQkJCX3M?oc=5
2026-08-29T16:15:16+00:00,"A wood frog in North America can freeze through winter — its heart stops, it does not breathe and as much as 65% of its body water turns to ice — then thaw in spring and hop away, a feat scientists are studying for clues to preserving human organs",Space Daily,https://news.google.com/rss/articles/CBMirAJBVV95cUxPblk1aWtJUDJIVlB5OFROeW9kNXI0YXFFQmJkSE9zRGpiVlNyS1BvOVV5RERfSGM1NmRmLWRaUUQ4ank2SndfaktENmxHRnFaMmEybnkyZ0dxdVRHcENFbzM5Z2tWRDBxX2ZtTEZHeFVXNjY3OEJFYl93WFh1Tzc5UG0xb3R0STRSMEJ2NS1fVFZTcVg0cDhsZnhBUEUtUzB3SVI0OTNUVkpZbWVzczhfR3VZWmYxQXVRNVVaV0dEbnIzV19EcWNzS1RaOFp1SDZhdFpJTV8tMjRMOThBNDF2eEJ6VTdUOHFzNnNYTHhsWnlvenJIQWJzek1Hc0ZDVHdsY2NqSFhaZURlQ3dXMzhhcXF5RkVJeVRpOGlROW92aHJ1Q29YMTJzckRESEY?oc=5
2026-08-29T14:00:00+00:00,There could be toxins in your baby’s diaper — and it’s not poop,WXOW,https://news.google.com/rss/articles/CBMi3AFBVV95cUxPdHhUT2VtNS1EX3c5YU1RN2tCeGhSRU4xR2xFamlONjFnWUozMEdnaFltSXlyZXdpQ19nQjJUUzdlX1BseVFFTndkR0g4QzZHZ0Z2TnFRWVNfZUpDT0lXZ0pCbHp3WXo4M0ZZQmxFeG5vSjhSMGVMQXhaY3ZCSWJvSnVGM1BROEFaQWpWRDN5RVdkUThGNlU5Qm52R0dRcGU4NmR5UDJDZ1Z3WjJMcGxsZVNZM1g4NW5jV05CdXF0N1QwTlpZNEhNTlJ6RDk1alhmdGFaam5pU3BoM3hm?oc=5
2026-08-28T21:30:40+00:00,NIAID FY 2026-2030 Strategic Plan,niaid.nih.gov,https://news.google.com/rss/articles/CBMigAFBVV95cUxNZ3diSS1FT3B4VW1KZ1JYc1RRckFtLTdacm5LRTJjRkR3NTdnUFdhdWllZGhmRkxHZ3Zfdm1wLXI3TGRzZjVSSkNCdDhkTTRlZTNKeUdJRkFpUE10eC1lUS1pUTd2T21NTEdyTU1ORTRuWjhNNlNVSHI3NzBZaTVmeg?oc=5
2026-08-28T11:37:20+00:00,Bridging precision agriculture and human medicine through comparative genetics,Nature,https://news.google.com/rss/articles/CBMiZEFVX3lxTE9hZlFpelVKc0lRV3hienlxUXZRaEpyeEMtVGNpQVVzdkp0WnEyc3liOU1lMWFZLW54M0thLXllUG9BdHFOdWVFMDlyZDdIOHFIU3c2RUZzOWt6QmhpcUVhT21Vb1g?oc=5
2026-08-28T07:00:00+00:00,19 longest words in English and what they mean,Study International,https://news.google.com/rss/articles/CBMib0FVX3lxTE1TeXhTLUV0ZTBFc3lGcnNmcGpZWFlodVFzVVZHVVVkVVJGVXBCa1JvRTE4T2Vqal9aZ1RvNnU0U3d2NlozRnR4UzNRVDVKcmpVYzZQM2tqc21BbEw4a0x4R2ZYcmdXLTQ4cFYxYVljQQ?oc=5
2026-08-28T05:58:00+00:00,5.1 magnitude earthquake strikes China' s Sichuan province,The Times of India,https://news.google.com/rss/articles/CBMiywFBVV95cUxQX3hzOHBQSzdsTGhiOHY5LVdfdWROOFV0Nng2WDJianhZallERUJrUXNOVzZoakVDdmVDUjAtUGt4XzNqOWFuTFotV0h2ZHo5RTM5cmVUaDJGWVRxRHFGOG94V2Q5MWFEc3VKSlNTREowMVMwS2x1cFZNcEpCTThVRFlaUUNWVGFubjRjakNiUDNzcjVncDhTdG9tQ2ItMC1uZnFGSElyQnRZeW9WSUJDX3hPRHdzSHEycnFsdjV5S3VBb2d6bWpIdWtGc9IB0AFBVV95cUxQb21IN1k0OWxvV3Vsb2tJZ195WHlzNUc5Z0lQMUtqZ1hzdHVtQXYycDhoVElpSE5weDZmTDFMZ0xSSlYxb3FESmtDQlJoempHT3ROcmRCQjh4blUxUFo3TUF4RjRpNGpPamJFS3VvTjRyWW5zY21VdEtucTd1REFCZlFNUzNSMXZ5ZGpWVHhLbE5FTVhSZFBoeFl6anRHekIteWRIYUFyRkVTcVAxdWZFVHNySENmMVE5RURyRXJZN0s3T1lmQ25QanlCUG1ZeWN3?oc=5
2026-08-27T23:24:05+00:00,Pierson Lab,Mass General Brigham,https://news.google.com/rss/articles/CBMi8gFBVV95cUxQVndNNFNGMFg1WU5QbW1NQjlndFl2N0dfS251TEVZMm56RlA2czhZQ2VaOGdYZVB5Ymg5QXNNSDBoSXNHcGFGSllXc3pqekRYMnFFWWNrcnVnbzdndzRrd3FMaERfZVpRZWpDbHg3NlFkTE5CYmwyRlBIRzJ0bmVEOHJfOHpMLWZndkJNc0lDd1hYYVZGRHR3NHF2MlViNzhpOVNKTGVPdGxpWUVEU2dFbnBndzFZQnZLZGtJVk5YME5RWlIxZVhpaUJxX3hWY3ljLThHaGE2TGRTbkRiTWdRaUpMT1g0b1pnM01MNUowUTQxUQ?oc=5
2026-08-27T19:12:50+00:00,Hepatic phenylalanine 4-monooxygenase is a phosphoprotein.,National Institutes of Health (NIH) | (.gov),https://news.google.com/rss/articles/CBMiXEFVX3lxTE55Wm1sSUdvS1dIREtkRXJQakZXWDVkaVVGbnhpOE9fZ2JhNEZWUVBQMnpQOFFoanVvMndvcnlhWmNGMWhUMjIwZDlzbEZPMGhSaWFrQTJVR1pTMzRR?oc=5
2026-08-27T17:25:00+00:00,MNEXSPIKE,fda.gov,https://news.google.com/rss/articles/CBMiZEFVX3lxTFBBcFo2eU5fYTFYRmlMaUZ6ODVsckEtV1dFNkpIRkpWY2NOOFpfSF93ZERrUnJyWHVEdHVGOTNIVjRRSlBwYWVrUjllbS1XV1RHWkNQMW1aUWY3SHFhc2lBSXlvUHM?oc=5
2026-08-27T10:49:00+00:00,SPIKEVAX,fda.gov,https://news.google.com/rss/articles/CBMiY0FVX3lxTE1VY2hHc0RHSlBMb2J3OVJEQ09EVFBFY2lqN1B2cE92amtsYUZlY052SjFENmloMTNxQXZab2R2WndGYjNBcDRaYTRVQmNFWFhRc203RzFlbElpOFduOTAzNFNJMA?oc=5
2026-08-27T10:07:00+00:00,"(COVID-19 Vaccine, mRNA)",fda.gov,https://news.google.com/rss/articles/CBMiZEFVX3lxTFBTU3JLczVXZmoxbERZcFd5WmQ1RmpoeFdqeFJPY2pUeGVFSmJuemdBYnNDeHFKVjVraENMT19hbkxlWjVXcUNTYk0zSmJTVEtvbGZMbjRYdXd5LTlBZDZsV1QzWEc?oc=5
2026-08-27T00:00:00+00:00,Free Soft Tissue Grafts FSTG) Using Autograft Palatal Donor Tissue vs. Xenograft Collagen Matrix (Zderm™),ClinicalTrials.gov · The University of Texas Health Science Center at San Antonio,https://clinicaltrials.gov/study/NCT07713199
2026-08-26T23:00:48+00:00,médicos,expreso.ec,https://news.google.com/rss/articles/CBMiUkFVX3lxTFBpa29uRmRQYzdVR3NYMGFzc0JVWVJtUllQb0xJRWEzaENwaWs4NTQ4NjVqWXNmM2Z3cnBrMjBtZ0htNExrR0JMcllfQVNncWM2aWc?oc=5
2026-08-26T14:15:00+00:00,Next-Gen Sequencing for Adventitious Agent Detection in Biologics,fda.gov,https://news.google.com/rss/articles/CBMi9AFBVV95cUxQc3NkNFhPV2J0d2dVNGRNU2w3NmNXSEFEeVh5cHRhb0IwTEhVdk1FYld4UGc0STFKbkZwYVh2WlhyZlRMZUhnWFpEamQ2LVA3TmwzSHpldG15TEtQOHdLMFA5QklzRmZJeEVrTTY4d1plNDRRbnh1VDJJS29BeXJpT00xc1NqcVpJUWRMZl9LbU9aa2d2LWU4cWJKcC1mUW04UzMwaWh1b3JmZjBWanp6STZoX2FabU95T1R2R2huaU1vRkdyVTVPcGRYRGNvNGIzUWMtTG9wQi02ZTFMWlNhRHFYTFhHeVN2NE1DWWNCQ1hIZXJf?oc=5
2026-08-26T10:01:00+00:00,Finding Alpha-Gal-Free Foods,thenews-gazette.com,https://news.google.com/rss/articles/CBMif0FVX3lxTFBDOFlCM2IwYlBLQmUzdDVQLWs1MlpwVkkzbEdtUzNiNG9VVWY5RG9EMEpKY0JMbWstZmlLQ1dlUXBwN1RYYTdZcktqTlR3LUhCTnI2N0N3LXl6dThmUkFsUVhMUTI0WTM5Sjhzb0t6Qm9IdGJ1ZHZDMUh2Z1FTeUE?oc=5
2026-08-25T13:14:34+00:00,Natco Pharma invests additional $14 million in US biotech firm eGenesis,Indian Pharma Post,https://news.google.com/rss/articles/CBMiuwFBVV95cUxOWV9CUWotbnItSGhjYkNWcXpaWEdNdDZQTTloZVVITXhkRV9IWWcxWWtRb1pTVFRBYlhMT00zMDlNdUpqRThCc2l6MmVLeVpmblJCTHgwZWJKZHQxbGVQTF9QSTI0S3RmbzhmSElWazZqT3VBNjZnVzZFdDdCVjUtWGJYc2lDVkNnNjFHQU9YY21ka2ZZOXE1MlFSRHM1cEpEc29URDVraDJSckI2aXljcmg3aU9abXh3M2FR0gHCAUFVX3lxTFBmV0YwaUJlRGx3NnAtRDRHbEhVRWtoTVE1R0lVQ0dZWG5OY1hDb0dnVEhNbW1zUmhXZ3hpQk5ncGJQVGxtTGRKMzhjXzlkSUNPZHE5YzBwT1NnVVZtblAwNnhhM0lrWjVvdExpNnR4R2RlaG5la0tzWFM4bWp3d2pDUmo3by1RTHpUU2xtT0hhYTZWWVh0Y2tKOS1jRXFXMnZCajZKbGJYS0xoRnI3ZWRhU1hHSVZKR0hVMC04QkRlZ3FR?oc=5
2026-08-25T13:03:23+00:00,"Biopharma people moves: CEO changes, executive hires, board positions",Endpoints News,https://news.google.com/rss/articles/CBMirAFBVV95cUxQa25xQ3BNQzJjQXpPT19SajN5WGF2anpVcWVUel9laDhuX01ScnFzaHZoanN0RE1UZDBxVnFGZlZ1VTdocTVSX1ZSMVVIOEE0TzBEcEtEX0tFQzl6anAwaFB5VFF0STZRZXFxNVppQ04yTWQwTV9SbjV2QkNYY2cwZWtmUmVkcUtjUkQyclg4b3FOdjNsYnJDcnRfMk43VUNjUHZvSHJBbnhQOENf?oc=5
2026-08-25T11:07:17+00:00,Why United Therapeutics (UTHR) Is Getting Attention Today,Yahoo Finance,https://news.google.com/rss/articles/CBMiowFBVV95cUxOZHpnQlVHaWJqSHZ6SmRucWpOcVVmckV5TmV3am5DRGlCMUYxQ3NWZjVMUmo5eHJfY3RFbmxmb01fQlBaZXMxbXlHNFZWZ2JxbWlWclJkbHZWSDI2UDRSWkpQR2NwamJERVBid1p6QmNtTWJWdUhRSjVYTUZ1QXNBZDUxbk1CNVgzOU8wY3p0WEZuaTA5ZXBNT2Zpemo2bElfMG9r?oc=5
2026-08-25T07:28:24+00:00,NATCO Pharma Invests $14 Million In eGenesis Raising Total Investment To $22 Million,Sahi,https://news.google.com/rss/articles/CBMivgFBVV95cUxQd3oyOVhuRThRVEJyNFVNYlVPSnZtS3loQktFYkFPSEtNSGV4cWVYdm1XaGZmVlFBb2dJb0twakhZYmJ5aWU2dE53WDJHbzg4Ylc3cFpabGxrZ1VRNzUwNmc2N3dlY0kzT2tXN0xlWjVmTHhWd1Qtb0lzT2ZjOHFqM1ZKbkg5c1R4R3pKTjZCenA5cTg2dUdkVnRGcndienM0UExFc3RJR09hcVZOQWw4T25tX1ljLWdmekhTMkdn?oc=5
2026-08-25T03:10:36+00:00,"Growing Human Organs Inside Pigs Remains Far Off, but Researchers Think Human Blood Could Come First",Medical Daily,https://news.google.com/rss/articles/CBMiigFBVV95cUxPaUJCaGFFejFZX2FrWml1V3ktdDR4YzVra3g2a0EtUmdwS0JrcjNQVl9LZFM4Nmc2LWFIUWU1dnFCTGk2aE9ubHhFYndxcTA0dFQ0cE4xSzFTTDlxVFhybDhwNm1Dc0h2Y3VRckNYbTVhXzJNd3dPV2JuOHhoaW56NGpEMlNsZ1Nrc3c?oc=5
2026-08-25T00:00:00+00:00,Application of Porcine Larynx in Laryngeal Microsurgery Training,Europe PMC,https://doi.org/10.1016/j.jvoice.2026.08.014
2026-08-25T00:00:00+00:00,Multi-omic profiling of paired pig liver and kidney xenografts in a human decedent,Preprint,https://doi.org/10.21203/rs.3.rs-10663036/v1
2026-08-24T03:25:30+00:00,The making of cells and organs in xenogeneic animal bioreactor,Nature,https://news.google.com/rss/articles/CBMiX0FVX3lxTE1NRXRwYnZkY0dlR3JiVExJWGh5NlVKU0JWWVI1RlMxRkFXZ2Q2OVRnTUlSOC1GOUdUQmptMndsdEdTOVpxUUhsQndtRnA5R203N0pWNjBoOV9OQTJYVWVN?oc=5
2026-08-23T07:05:24+00:00,"Scientist - Yen Lab/TGEn Group (Hematopoietic Stem Cell, Genome Editing)",Nature,https://news.google.com/rss/articles/CBMiuwFBVV95cUxQY1Z0Szgxa2tyaVlRcGY5a21jS2hpS0ppd09QVVNFU3lKVGxjT3ZETEJuWHNiTy01eG5yNF9zR0x4a2phc2daSDJSXzlydElVUzF6ZzNLOVJidGdHaDZtZDVfNEE5aGxOc1htREgzWEw2RmlfTGxrTkhsblFWd0JQVUZuT0VkWDNKZExoVWZ0TDZuajhpeVEzYzI5bDdOOGNlZnplUUJyRlNScjVtRmtEV0ktSWkxcHFrZEdZ?oc=5
2026-08-22T03:00:00+00:00,"Las CAR-T llegan a los trasplantes, y con ánimo de quedarse",El Confidencial,https://news.google.com/rss/articles/CBMitgFBVV95cUxQWDdyOHJ3RER0emRaa2g3U2JEazFMWWZhTV9pTzVHa1FheWVZMmZ3cnM1RVZpRE5TakU1ZXR1Z2o0ZDFKTFMxLWZxczg3TmhkZS16WVhZMFdrMUs2dnhaNVBtbzBFdE0tMVFYcm5LRm9WODNCV2dRaWZiQmQzeXZScGJ1cmhXSHU2RHE5bHM5WjdzWkM3c2tOUEhXTzNQZWxoR2RJWWlwQTIweUVqM0hubkhDczFOQQ?oc=5
2026-08-22T00:00:00+00:00,Lactocrine insufficiency at birth impacts uterine gene expression and development in postnatal day 14 pigs,Europe PMC,https://doi.org/10.1093/biolre/ioag181
2026-08-21T08:23:30+00:00,Russian scientists plan to breed GM pigs for human organ transplants,Новости GxP,https://news.google.com/rss/articles/CBMiogFBVV95cUxONjVGRTROdmV0cVNCTUhES21qMW1weElXUTBuUU05d1FiVFVoVUdYMGNyY05HbWEtVGRnNnE5dllyX1VEQTNKUnJ2aXhmTldlVzFWdFJNSHRycmNOY0ZfSkZ5RmRSTmZIU3BBa2xOSEtkRHVlWE0yYUhQclJzbC04cUhLUllybU9wbTE1Q2N2dTlLM2xFVGpXcm9KZmtlekN3VmfSAaIBQVVfeXFMTjY1RkU0TnZldHFTQk1IREttajFtcHhJV1EwblFNOXdRYlRVaFVHWDBjcmNOR21hLVRkZzZxOXZZcl9VREEzSlJydml4Zk5XZVcxVnRSTUh0cnJjTmNGX0pGeUZkUk5mSFNwQWtsTkhLZER1ZVhNMmFIUHJSc2wtOHFIS1JZcm1PcG0xNUNjdnU5SzNsRVRqV3JvSmZrZXpDd1Zn?oc=5
2026-08-21T03:02:00+00:00,Nació el primer cerdo clonado de América Latina para investigar trasplantes de órganos,Del Fuego Noticias,https://news.google.com/rss/articles/CBMixwFBVV95cUxPRVZ4Z1Bfbm04ZkZVSW1jTTRUVXVPbHIxWHVocmhRWTdCUlpTT0FiS0Y2VlpONE5PVE9qaVllT054RjNEbTdRX2x5Z3lBMGphYmdNLTBQdWlJZzlFZW5WOGFfNmtvZlRJYWl2RGo2TVNvQkh1RTZqN0NCbWtUMXpBT2NPNUdrMldPNFV5YVhmWTl3MjlvNk5Ca0JmaWFVWW9EWnVRQnJaWDNLSEU1bTQ2ZWJyeGJGMmRlTXRyU01fRlVGNG9QREdN?oc=5
2026-08-21T00:00:00+00:00,A Study to Investigate Safety and Effectiveness of Porcine Pancreatic Cells (OPF-310) in Patients With Type 1 Diabetes Mellitus,"ClinicalTrials.gov · Otsuka Pharmaceutical Factory, Inc.",https://clinicaltrials.gov/study/NCT06575426
2026-08-20T18:06:45+00:00,Three deaths in China shake trust in the country's speedy clinical trial system,Endpoints News,https://news.google.com/rss/articles/CBMimAFBVV95cUxONlJOTUt5NndLRTRYXzY2WnhRekRZTkpIT3l1ZjRVMWxseUVHNFE4cU5hOUM5djRMbUZuTDBTN1BsSG9MMmxsbEg3eXZPczQ5b0J2eDFlMlNqalN1a1BwNVhCMkk5Y0x5WjJnUnZfaEFlT09SZS10SGt0R1hkbVIxZWU3aGoxTHN4VFQ1NzdQOGZvdnZiVUZaVA?oc=5
2026-08-20T17:07:56+00:00,Un rastreador reveló el circuito de Amazon para escanear y destruir libros destinados al entrenamiento de IA,Data Diario,https://news.google.com/rss/articles/CBMi6wFBVV95cUxOazdHYlQzN1I5SkU4ODF3SDN1TTFpc3J5b3JGQmQ0dlUyNzVOTTFEcXR2NnNmUFNXa3pVVVRyMFVOXzQxSGd4QlJiRm9nOFpZYlY3bGQtV0wyNGIxN0pLR0llbVpLdjdJbGYza1VsT1NXUGppRU9GdHc5MGdvUVI2QkVhcGUwNWQ5SFJYS0VSZzdfTVJWZVNxYUMxODhXWXdTcEZMMEJNcW1aZ0tBMlh0Qm1pS09XREdfbGJPSXdpeWVrY0U3eW5MXzFmcllBNzNPcWlzd2hDbmFHNm9GbGlKVWw5WUtXVFplQ2dB?oc=5
2026-08-20T13:50:19+00:00,Transplant Research Department,Mass General Brigham,https://news.google.com/rss/articles/CBMipgFBVV95cUxQcVkxTUp5TXZoTFhZS3psdC1OMGZFWUNhN2hUcUJpNjJGd09vV3pTenczQVYycnhzQ05fRWhJNi1fbVFDRm5HNnZjTkowLU9JUlNJNHB3NzJBR04tYkdGV3FYLVBYSVJVQUdScnFQWHBtZEFvTk9kcHBsc2VMeEFTWlRXVE43b0VNNXZaclRPRTlselpDV2NPeUdhMGlxeW56S3dVTzNB?oc=5
2026-08-20T10:39:20+00:00,¿Es verdad que el tomate sube el ácido úrico?,Diario de Navarra,https://news.google.com/rss/articles/CBMiswFBVV95cUxNYmpqMk8yVTg3SmY3ZVJHQUU1eWNSVEVORjRKS1g2YzhqalJtMHVkTUVpZE9iX0JtUTRSOGhQQldJVkI4NXZobkMzNExrOHctSFZpRHVkbGhSV1JCMUJEdXBiRGJGQ2VnczcyRmZPRjNOLV9yOFJtaURDUk9seHZSb2liMk5QQUJuZDlzTWlZZUMtcmJmcnRRMktOaUI0a1dsa3dEaUtJcC1rV0plTmFVLVJHUQ?oc=5
2026-08-20T05:00:00+00:00,"Bioethics - Public Attitudes, Ethics, Healthcare",Encyclopedia Britannica,https://news.google.com/rss/articles/CBMihgFBVV95cUxPcG5UOEZGeGM2X1F5Sm5aMEFadlZhS0pCZktIbWVjdkRsT1I0SVo2WDl5ZnBTbDNPTEV5TFNGOHBFUnRiSUZhQjY1N3k5VlotQ21HLWViWmlQMlcyYjlmT0ZTSHlfSXppUVNhV0N5WXBqWXU3Yk1TZjFmYngweGhadER1bUVidw?oc=5
2026-08-20T01:55:18+00:00,Kawai Lab,Mass General Brigham,https://news.google.com/rss/articles/CBMi7wFBVV95cUxPMzVjMzEzRUJpdzQ5ZUdsZUdJOTZVV05ySzgzMm4wcFZfa2RGN3BpUWN3Q0FVbXotTHNkREVpM2pWVUtvenNkRXR5b05peXl2QWFLZEdEXzVJSUlmeUItRDd6R0J4WEtfTEJZLUJialY5bDNDTFlYVjdTbmh1RTIxVDlNYXlRWTJhYXZTdGhYdDlLODRNcEhXRjZramVxZlVwZDRGT0hyU0RabFBPbENwRWszX0dKS1JJRmtTVUZZRDdLY3Yzc3JTU2RBeUhvdEVzeTJkQ192UW13THk1NjE0cjBSOWFNODd5b1ZZbG5Zaw?oc=5
2026-08-20T00:48:44+00:00,Liver xenotransplantation moves closer to clinical utility,Penn Medicine,https://news.google.com/rss/articles/CBMivAFBVV95cUxQdkpsSjY4djJEVXhReXJUMTlDR3l2X01nblFPMGQ5YUtEalN0Xy11cDd0dER3TW53SS1jVWpnTmswbm9rNXF1VVZIUlFDelRHeDkxX1NwZUVkb2k2NG1saVpoZ0lSaFdjSXBLVFgzNEN0QnVMNUlvTkp1ZjhHcnBqbm9kX1N6Q2x1eFZ1NGhneTVYVEZxek1Mb0FVcHBDTHFFN1ZuU1ZvY1ppVWM2UVRUY3NpMURnSjFIUHUxUQ?oc=5
2026-08-20T00:00:00+00:00,"A Centimeter-Scale, Peristaltic Human Intestinal Organoid with Integrated Neuro-Immune-Vascular Systems Recapitulates Enteritis and Orthotopic Colorectal Cancer",Preprint,https://doi.org/10.64898/2026.08.18.745659
2026-08-19T19:50:54+00:00,"Jay Fishman, MD",Mass General Brigham,https://news.google.com/rss/articles/CBMidkFVX3lxTFBScnVrRVdxOW5tZGV2X29IcGl4V1NsNlJ5ZUI2VXlFV19VTnY1Qy1wUXZOSXZFd042bllFLWhvbllPdHl0emVkQl9BVkRQTlZOeFlXdmJUNkRDZHNvckwtRmNwa1ZhbFU4M3M2UTREWWhZUmF6V0E?oc=5
2026-08-19T16:39:18+00:00,Infectious Disease Transplant Program,Mass General Brigham,https://news.google.com/rss/articles/CBMiggFBVV95cUxPeE5USUlTN2N6c0E2TndZTmt1UVp3UXRQUGljSUM3Y0o3WnVfS2xwVkNXeGVTSXNYamNsT2pNb1dkcUdoQ3pwMlJta1NhN21PYlZhNjUxVkhxbkdKdmpvT0R3ZXVBdENCcmoxRTR1a3pLX3NzWnhHZlFvZWtJNTBKbFNR?oc=5
2026-08-19T16:27:00+00:00,CBER-Regulated Products with Supporting Documents,fda.gov,https://news.google.com/rss/articles/CBMikwFBVV95cUxPby1LaHRZRnhLR3JWVWdFQWRRUUprOWwwYkFjTHFkM0I4ck9mZmdOTmVCa2xacW1HZkhwTmxuQk5JUndtWnFkVkJxZmlNc0tqNEZuajc5bnhiNnZTVkVkeVAxM1dWQTZqZGpQNnpMU2FDcnFOOW9vaUk1RUUyUDFCb1RwQU9UYllXWURxLVJ3c1JOSU0?oc=5
2026-08-19T14:52:16+00:00,Immunopathology Research Laboratory,Mass General Brigham,https://news.google.com/rss/articles/CBMiwAFBVV95cUxNaHZZallmcHFiSU1tRzRRM01RaG9IeVQ3cmxJQWJXX0l3aWV6eXBMcG9qNzR2TWJEb2ZHd3dHZ1hkSUNsNjlZNklPMlYyTzdGTTBidkRnQnpwcFhlSkhwMXp2OGNtV0N1N3F6eFROc3Zlb1ViNzdEUW8tZ18xNHhtNUFzeEFNcUEtUWcwVjE3cVlFZDJFNGlYUmctZ1dlQ3pYR1phWlBhcjZmU3V3MWhVNTl6Vk5OWFpYbF81RXIwRjk?oc=5
2026-08-19T12:09:22+00:00,Kidney Transplant Program,Mass General Brigham,https://news.google.com/rss/articles/CBMickFVX3lxTE5KOWNPYVhiRURtZWlIZ3ItRmxVZGtUZlctVnpDMWNicWVkc29CQzRFT0syUXZHTDI5dmhBMTBZRXdKT2VPSm13TFVUSFdQbmZlZG1VdWJON3dxUU5GTEpYMXk5aVFKMGxOUmlSLTRna3hHQQ?oc=5
2026-08-19T10:17:21+00:00,Intramyocardial injection of allogeneic human induced pluripotent stem cell-derived cardiomyocytes in advanced ischemic heart failure: an early-stage randomized trial,Nature,https://news.google.com/rss/articles/CBMiX0FVX3lxTE5ZU3dnbnE2Q3psd2pMTnlaWGRfcS1ONUp1ejVpLTc2TWdZRkxjeHdTcVVDZ01fOFB4Z2c3RDkwZU1QbFZ6SkZVYXBkZk1ST2FDTVBRc09YZGJaWmNWRjB3?oc=5
2026-08-19T08:45:00+00:00,Cellular and Gene Therapy Guidances,fda.gov,https://news.google.com/rss/articles/CBMinAFBVV95cUxOZE5tSXN1ZHJXbEZrUTYxVVg4dmRObWpXRDIwR2hXbm9uekpDZ1hISDFmSWVBRmEzOHFsS0M3MERsVV91TUYzeFFHVG5vd19PY1VvV0wxdkN2ZTBObzM2WXBhNlE5cGUzYjh0cmZZOUJUNHFHQ3MwMTlvbllrVkZqUVhHNy1jZE9lZUVXNkV0dVZqN0x2UnhYbXM2YnM?oc=5
2026-08-19T00:33:29+00:00,Transplant Surgery,Mass General Brigham,https://news.google.com/rss/articles/CBMiaEFVX3lxTE5iMmloRFRyMWdNRHVJR1RXblI3d0h5MEpmQTVhZ1BET3ZDWTBRTGtnMDFlS1BzYkc1azE1WExxTkRRRHRkUVRHTWhMZkpFbzRjNGtlcUFzdW1LbUdlTG5McmFadURySFdw?oc=5
2026-08-19T00:00:00+00:00,GENGLYCOS™ (pariglasgene brecaparvovec-opnr),fda.gov,https://news.google.com/rss/articles/CBMiZEFVX3lxTE9vSUdUNDVFREFBbWVSM1RzUlVNd2dRVElsdzhEcUcwVnB1eTZlQ0QtUXUzN0hsMWZZelJXZVNza2dyRXNTN2xLTEFwM0hHVkY5NkowLThzeC1IX2UwQ2ZOQW5tY1k?oc=5
2026-08-19T00:00:00+00:00,PPIA-CD147 Interaction Mediates Immune-induced Cardiomyocyte Hypertrophy After Cardiac Xenotransplantation,Europe PMC,https://doi.org/10.1097/tp.0000000000005872
2026-08-18T16:34:00+00:00,Sri Lankan hospital claims record after removing 3.1kg bladder stone,The Independent,https://news.google.com/rss/articles/CBMiqAFBVV95cUxQWl9wcXowZmt4bXZPdkZXMGJnWWFmcDlObW53b3h6TFIySDdNYUwyVXNvaWViQ0Vob2llMl8tTl81cEtUbTQ1MTN5T0hFSTVuLW1kZ1VKTTloM0lJN09kU25aQWEyc1RsQTBKX19qT0Zjd1NhaU52Z0dTWmlTdXRaRnB4Y1BaSThaelhtc25WUkptMUY0N0Q0ZW5QTjYwY2steU15ZXI5SHg?oc=5
2026-08-18T12:00:30+00:00,Rey Lear regresa al Teatro Helénico: el derrumbe del poder en una versión contemporánea,Hoja de Ruta Digital,https://news.google.com/rss/articles/CBMitwFBVV95cUxOQ2FGUzRWWmEwS3BIN0VIa0tHOG5Cal9temxLYlc2M25yT3NLcWNyWFA4MHdRZHMxbnQwWE1LWExyMWxUR19Fc3AtbGJlM00zVnN6Q0FXdXNaVTRWMkRsaUdBT2UwbmQwNmdhdmQ4bWZ0ZDRId0p0dEJOel9pQk53OEhCa3Y1al9zd1I0a0lqNDN3b0xZOFZhRHU1cTVxUXZGd1ZzMVJEMmZzSXo0ZHZlUUd0NW9ZNHM?oc=5
2026-08-18T11:56:00+00:00,Surgeons in Sri Lanka remove man’s ostrich egg-sized bladder stone,The Independent,https://news.google.com/rss/articles/CBMinwFBVV95cUxPOGY4M1RRLV9PdW1FbDZDYUNGRnBDR0Q2QlZmcTVuYnB2Mkh1aHp2WmUzTXRvYUFSZGdFd1ZMb3k3WnpZTHU5RGJlN0tZcHJPTFk3OU1WZXlGakttNFNPWlY4RzcwRmw3SDlZMUtxQXJaUU1WTWVvdG9oSVpTMzdtYmc4QWlVWnVjYXQ4QmU2YU9vcEpVRVI1emxNbGlfTWM?oc=5
2026-08-18T08:00:00+00:00,CAPVAXIVE,fda.gov,https://news.google.com/rss/articles/CBMiZEFVX3lxTE5zVlpmRFFOaDVvWldSYi1jSnlXUmZISVFhbEtDcXZObTgzbEtaM0JwaDNPWjVfNlc0NVdEeVh5cnR4YTRfRWU3b1N5TFVxbEQza0Nmby1YTTAtbGtRMTlFNHNubFE?oc=5
2026-08-18T00:00:00+00:00,Multidrug-resistant livestock-associated ST9-MRSA causing severe human infection without animal exposure: the food chain as a potential transmission route in China,Europe PMC,https://doi.org/10.1007/s00203-026-05145-5
2026-08-18T00:00:00+00:00,Nephrology 2050: an evidence-informed roadmap from precision prevention to kidney regeneration,Europe PMC,https://doi.org/10.1007/s11255-026-05338-3
2026-08-18T00:00:00+00:00,"Correction to ""Porcine kidney xenotransplantation: From primate models to clinical reality""",Europe PMC,https://doi.org/10.1002/ame2.70284
2026-08-16T12:26:00+00:00,Logro de la ciencia argentina: se redefine la historia evolutiva de los cetáceos,El Objetivo - Medio de comunicación digital,https://news.google.com/rss/articles/CBMitwFBVV95cUxNSUFoZmVab2RBTF9RRW9LdlVwazZRSVZ1SEZ2NFN2dUhDUERSRlk0NXE0dW4wR3J1OElSM1JUalJQazJYTzZGRTNaQjFsaXRpUTF1YXM1eXlHR3I1SkZQTkh1Tm1vQm5oMmluLWJONTBELV9BVG10NHllSG9NUUx4dFU3Sk43Zm1ydVVQcXJYOFphT1p0V1NFaUlDS083OUJoanFtdVRQWG5HRXFScHdPaWd5c1N2NEU?oc=5
2026-08-16T11:09:00+00:00,China launches 24th batch of low-orbit internet satellites from Hainan site,The Times of India,https://news.google.com/rss/articles/CBMi4wFBVV95cUxPUkstS3YxRzR1eU5jaEw1OHZXSkE1Q0RUSURHWEE5WlNuaHBwTHd1M21rVG9EQ1NWZGtHQldLLS13dkdHMlhld0tzQ1FYWXdrQkJMUWo4ZHZmV1lXeS1KS3BfNHpqTGU1MGNpdXE4bkYteUdLV1c5RzhCSG5tMzdYVFZ4TUpBMUF6aDBqSGktalkya0wxWldqbTRMc3lnSFE5SlZkZWtoLUllaWpKRndlb05KTXZ5bjVUYXhaSDA4MVhOM2Y1WjBCaDNkUHh3eExuSjJ0dGo2LWxrRFRpNFM1SEhuONIB6AFBVV95cUxPWm43UlkySXhBTDE0Y0dicDNXSW9JdEpYenkzOGs4N2hqaVE2RVNxY1NpUTlVcE92RTh3dnRTUTJpZFVmOUdYVy04eE5ISVVRZDJfWDFITkZYWHlqSDRLWVpSdVEzV3p2bjZ0UHpiNlRwejJCSnNCVDZNeWNJRUp5TWNjbVNzNE9qMlNVU3NtZm1ZN19tNF9MYi01Nk43cUpRZTlTMWVlVUZtcDZZcWh6dF9KNG40R3ZiQTR1ZjRzaUVETVNDUE9GX1FIZzVIdHdlZlpjdHA4X28zcElwQ0lqNUV4YVBBVk90?oc=5
2026-08-15T21:06:02+00:00,Contrabando de carne de cerdo golpea a productores y presiona los precio,La Nación,https://news.google.com/rss/articles/CBMi0gFBVV95cUxOakctbG9CaHd0alJ4dzRyRm92aHJtVjY5Y1RVRFV2WWpkVkdrbVNrWE50VUhZb3JFQVdoQVlzOHNPNm84dGVZR0ZySjFUUEhUUS1wTUxETXh1NzFIcVMtajgzejFCckk1bkhudGdXMlBsVUljVEdYM2gyQ2hhNHZGdHBtV1lldFpydVRVbU5FNFJ3NjREejdsUXdPQmQxaDAwWXY3OFJVcGt3c241TWRWYl9yc2lIdC1HQVdxQzRkWUdFQUFOMGNQX3lpaHJEQXljS0E?oc=5
2026-08-14T23:50:58+00:00,Nace una esperanza con el cerdo que podría abrir una nueva era para los trasplantes,La Nación,https://news.google.com/rss/articles/CBMiyAFBVV95cUxNVndnSmw2MTJxSjRIZmpDaVcxcTlWbkR0N2FET1U4NFpwTG5aQWdjMlZIbTE5NlE2VmVKNFJMLVh1dldYcnlJcUZlbXpzM0RSOEdwT1llbDhmWEVaNTJCWk10cmZ6ekY5RGh5YkNNbmJ5MzBES19sbURLbTJIeFlOcnAxV0F6dGdRMXcxLTJvUTlKQmhRcFpObjF0YzUwZ2JSSGxDQVI2U3AxQ3FJWGJDS2lKVk1kUkhQeFd5eDlsM2pOR2ZHdGtDRQ?oc=5
2026-08-14T19:15:00+00:00,Argentina crea un cerdo modificado genéticamente para acercar órganos animales a trasplantes humanos,Diario de Salud,https://news.google.com/rss/articles/CBMi3gFBVV95cUxNTjdBRU5yM0RXdXUzZndxNXZHTkhobnF4dzdUTlhxQ2Y4N19Mb2h5OUYwcGFFSGE0eFRaNU9vQ0NPb2xSZmpybnlPbmpuNG5yN0tMMUM1N1RxMmdVakZfQWhrb1N6QnhQWl80Vm92SFlfamZJWXByaXBORDFFSndzYUgyM2hMaUhkQ3JiWGFjNXdfZzI0NGg0QlBvRlhCZmpRc3E4R0JPU1F0cE1rekR5UnF2SmprLVR6d1hrd2diMXp3TnhfM19qclVzQWZITmdqZzQyWTdMWEpxR21Yc3c?oc=5
2026-08-14T09:40:27+00:00,Biomimetic zona pellucida-encapsulated islets for sustained glycaemic control in immunocompetent mice,Nature,https://news.google.com/rss/articles/CBMiX0FVX3lxTFBYN0ZzY2U5WlJCcXFreGtGRmJwZ1JleE1xSV9HekxaM0gtT0FCRnE0OWJQcU5kd2VxQUg3dUZMUG5PMEFGNXB6eFdYU08wUzVtb0FDT0psVEUyeXRPX2sw?oc=5
2026-08-14T00:00:00+00:00,"Comment on ""Beyond theory and into practice: A qualitative study of the experiences of xenotransplant recipients""",Europe PMC,https://doi.org/10.1016/j.ajt.2026.08.008
2026-08-14T00:00:00+00:00,"Long-Term Culture of U87MG Glioblastoma Cells Reprograms Metabolism, Impacts Aggressiveness and Alters Drug Responses",Europe PMC,https://doi.org/10.1007/s12013-026-02121-0
2026-08-14T00:00:00+00:00,REdo Transcatheter Aortic VALVE Implantation for the Management of Transcatheter Aortic Valve Failure,ClinicalTrials.gov · The Leeds Teaching Hospitals NHS Trust,https://clinicaltrials.gov/study/NCT06557798
2026-08-13T20:10:43+00:00,Eledon Pharmaceuticals (ELDN) widens Q2 loss while advancing tegoprubart to Phase 3,Stock Titan,https://news.google.com/rss/articles/CBMitgFBVV95cUxPTVhPNHpEdXU2elNrZ3hXcjdTT1cxcWxnUHBmWHVjRHgyaXFfMGItaDR6QUZnc3hEZzRvc0xDTktuNHRmRGpmZ1NsNVR4VlVyaDNDWTZkZFNXQmY0UDhWQW5xcnJ2RmNoVjdTQVEzWFNYOFFJY05VWmNUVlU0ZE42LXk3VkFkRGpZMzNsZFpLQlpiT04zY1dQQ3lnMjNRT0lNYmwzekZZaHcyODFmbDM4OVgzajBRQQ?oc=5
2026-08-13T20:05:00+00:00,Eledon Islet Study: All 12 Patients Reached Insulin Independence,Stock Titan,https://news.google.com/rss/articles/CBMiwAFBVV95cUxPTmpmUk1IbFNKWTRRaGRGMGEyUW5MbGZJY0t0MWlmMy02NTZ6aThPczVoeUh4bUNlLU5waTNHVjN5VHBSQTkzdFBhbGlOdk1kRmNjVWJGREVxTmRzUndRLWRtV0ZTX244dGtLN204eGlxYUZBSFluNzI0cE91NFp0cmh6RDNxbU1fc09HWjR3UnNaS0s5dzBCTWN2QUEzTXhmaGI5QlhiX2FqYWxpRHhJbEZDbW5wZGVvbWxjaVk2ZUM?oc=5
2026-08-13T19:14:00+00:00,SURPASS Projects Tackle the ‘Beyond Possible’,Johns Hopkins University Applied Physics Laboratory,https://news.google.com/rss/articles/CBMiZ0FVX3lxTE1CTDlHMmE5WkN0cjlrR1lEREJCQ3BJNnZMUzliSlJrTzhMSnJaMnFmUmhSUWtOQzJwN3hfZ0JyRDFRSGZNeDd0OFQtRTF6ckJXVjZUUFBXZjc4b0w5dVhxYTV5bk0tTjA?oc=5
2026-08-13T13:05:00+00:00,Recently Issued Guidance Documents,fda.gov,https://news.google.com/rss/articles/CBMioAFBVV95cUxNVzJZN0hMNjVQTWFDR0xTenBpR09IT0duOE1KM2t1TTlHaHBRcmdLeGQxcHZ3b1dzRHozd0sxeFo2WWpjRHVsbnZqUjlYVUlhT0M4ajhHM3ZYdDlPN1c0YkRTTWhsM2c4WU1nQUtjaVRxaEtuTzlaVGR0Zmc3Wm1BVHdrZXVCaUQyY1ptUlZFZk1wRXhtWW85U3VYZDd0cHZz?oc=5
2026-08-13T10:45:49+00:00,Host-interferon-stimulated gene response to virus-host recombinant variants of hepatitis E virus and enhanced viral replication,National Institutes of Health (NIH) | (.gov),https://news.google.com/rss/articles/CBMiX0FVX3lxTE55VTNZR3J0bElhSlpQaEVsOXNWdmVpX1I1ZFBBamlLN21SbVdOYXZDOVFBNFBkWXI1SDc1QUt4cWJSMEJzaURVejVocFNMdHVtQ3d3cDJsRS05bDhNWlRR?oc=5
2026-08-13T04:15:40+00:00,Translational insights and clinical challenges of targeting cancer stem cells,Nature,https://news.google.com/rss/articles/CBMiX0FVX3lxTE5DVXpmWUp4amU5NUJHUE1mLWZaM1d6Y0QyN1lYWXkxV3hQTXN1MVlHWGFLdi1CLVd3UUl2TThxTGNUOTBrbnJ5Qmk3NURyNkh5SG1mOS1sWExESURhdnkw?oc=5
2026-08-13T00:00:00+00:00,TUDRIQEV,fda.gov,https://news.google.com/rss/articles/CBMiY0FVX3lxTFBWMGx2TkdLNVdUTUpMcHdtZVRQNHExU1VOZHF3M0tDRWtUaktvNDdOcXFFeVM1SHdFcjRFRnQ0RVduUTY1Y3VnWFNIU2hGZXQ5U1dfNXY4U2xVX2lLRXNqdnYzQQ?oc=5
2026-08-12T19:35:42+00:00,RNA terminal uridylyl transferases are druggable vulnerabilities in AML but are dispensable for normal hematopoiesis,Science | AAAS,https://news.google.com/rss/articles/CBMiX0FVX3lxTE92QjF0cTRHQVpiQmlwdUJfVzdqN1FUalFoNEtwaEtfTk5aUjZZTFhKcVF3WjR4U0xiR25aWmEzZnN2VXgtMVZkVWFXVkNUQnZLRW9RbWI3VUw1bHRNMUs0?oc=5
2026-08-12T12:49:00+00:00,"Zhu Rongji, former premier who changed China's economic fate passes away at 97",The Times of India,https://news.google.com/rss/articles/CBMi5AFBVV95cUxOTHp1SzNPdkk0bUIzcGl1X21qYkZyank3WjVjM0RvRGVHV3dncnhKWUFkSHI0Szc5UWQ5OEphTXpoNGhmeXR3NzB3azZUamxQamkyUDVMTkdJNDlLNV9VTWZUWGZvVGNLYjZNLVkybnlwc0RDT3U4VmRKRzBzZ2lrUVcwQTdOdGswM2dOM3pLdWlyV1hncjNJVG1mNmk3a1dBNXhCS0F2LURiZm9mbUJQMlc4aEtVSHdKeTN1S1pNVU5Ndk5FZWJGc1RFNlFkU2o0VVhnZmlZMHhQYmtmWFJ1ZWlEWFbSAeoBQVVfeXFMT2V6WjBYRXpGY1BwZDd4QjBwTG4tMFVwdnBkYm43TTktZTg2eThURGNnV3BpVHMxbkhzRUtXZl9mRWI1SnVadlFvcEFuNFFFTENxNDY0cDVyVjkxZ3A5MldfaUwxQ0hTNDUwdC1wRW9VckFpaDVCNUhqcmhPbElRSUtRdm5ydC0tcUl2QWlWdmk4OFpwWnV3WFZ3YjRMc1Z3QmxOZDU0X0wwcm9LYTJNMVNkZnI4aVBPTHRLV1FMb00xLWcxd3FWWUtMQ0xfWEFCZ1gya1dNMmI1Mm1xT2U5M0FKV3AwQU04ZV9n?oc=5
2026-08-12T10:41:18+00:00,Guangdong True Health Wins RMB 2.8 Million Xenotransplantation Lab Equipment Contract,TipRanks,https://news.google.com/rss/articles/CBMi0wFBVV95cUxQTm9uQTFYZ1UxZ2dpZE5nbVlGcTF6aUpRRHR0TEE3T0lMSTZDa3IzV2dpQ1hnUHpMdkdLMjdLZ2Q1dGp4NjFWT1hzNnZCWWRHM0dyb3B2WnVKTWIyVmIxNUExM0ZQX3AxaldMMDBmUnVYY0RZQzloYU5XTzdzQUctZ19GbklyaVdwbTlOTk52c25VMzRhS1diOURLQkozdDhaclVKcG52cUZsOWZobUF3S0ItRGYyTDNVN3ZMcnlfa2o1NFJOR0F1b0xPVnVqVE90SkpN?oc=5
2026-08-12T07:00:00+00:00,"16423 - Gene ResultCd47 CD47 antigen (Rh-related antigen, integrin-associated signal transducer) [ (house mouse)]",National Institutes of Health (NIH) | (.gov),https://news.google.com/rss/articles/CBMiUEFVX3lxTE1OWl9YQ3RaR2R5X1lycEhYRUtiTzJEWmZaTGMwamIzcUZDRkFFRUl2YXNUNVlYOTlIVmV1ZlREY2JwRDZlYXBjVTVRV0o4NExT?oc=5
2026-08-12T07:00:00+00:00,953 - Gene ResultENTPD1 ectonucleoside triphosphate diphosphohydrolase 1 [ (human)],National Institutes of Health (NIH) | (.gov),https://news.google.com/rss/articles/CBMiTkFVX3lxTFBueHJMejdVZGhrdE8tYmF3VjZELXlSbmlQTWE1WGNtc1RrUDR1LWZJSWFUSHgtbVZBSGh3TklQSTRZOXFWNHhybXlkeG96UQ?oc=5
2026-08-12T05:34:14+00:00,Clinical translation and engineering challenges of soft robotic cardiac sleeves for heart failure,Nature,https://news.google.com/rss/articles/CBMiX0FVX3lxTFBGemc4RzFTOVpibHNmdFdVTmFxbmFxTlllVEhBMVNjZldJWUNRaV90eVRMMTFEeUNhNC1ISUluTU1FQVpSTGFqRDEyOU92U0RIRzRBYnVsQ0dvOW1CQWxR?oc=5
2026-08-11T23:50:29+00:00,Public attitudes and preferences on organ donation and allocation in china: a cross-sectional study,Nature,https://news.google.com/rss/articles/CBMiX0FVX3lxTE1UcGZSWF9KU3d4alpuVUhYOC1JV1BzVk5aN0d0SW1FekJNWjY4N2FsYnBTNm5KcFczeUNSWHZlZG1iSC1UalV3R2ZwRXlvSjdsejR1SmRibHc4Z3R0N3o0?oc=5
2026-08-11T20:55:37+00:00,"Pilar Ferrer, la argentina de 25 años que creó un gel para reparar el corazón",Data Diario,https://news.google.com/rss/articles/CBMijwJBVV95cUxPQUM2Z01zaWVGVUROLU43SFM3S3NSX2NoNGk5dDZubVJ4Rml6Z1h5UlQtVmVWWlhYaE9BV1JZWXAtQmU2ZklDYUV2b05XTlBtSXVWRlZNaUpnQ2FBUks1MGdfWHpoell5WVp2S2pEMExGZnk5RzlKQkl3SzNzc0c5VDgyOTQzSmtpVUczVS1vOS1NYjdaVF9LRWs4YUFwbFhxZlZVWmFadUhZZVhKYjk2am5rYzJKeGRkdTJWU1BsN041VkxvTG01aEhzT1h1bERtVW1QQWs5eEUxdGg2ZkNqZmtzNWIyX2pKT1lYWFUyUWktcFQ5NVNjVUhqcXNMZzFCdy1nd251Qm1zZTFPWVRv?oc=5
2026-08-11T18:30:24+00:00,"Senator Fadahunsi Says ‘Kill Accord’ Video Was Edited, Denies Calling For Violence",OsunDefender,https://news.google.com/rss/articles/CBMiqAFBVV95cUxNUWJKOVFwbC1VVk1Rb0cyUElONVVaZzJvQzJfdXNPNnBPZlZoOVpxRkFVMEVIVDZUZlNZS0w4TWJsNkl6MmpLc3V1bXpxNDRWcjdVczNIaThLZGtpMDVHdkxZN0dvTUNwX21uVUttNVJyZW43UEtCaUFsZnluNnQxQWhGLTR6QnNTYUFHNWJLdi1RN29nbE9hWlA3d0dtcEJwQ0o5aUFXNlA?oc=5
2026-08-11T09:00:00+00:00,Baylor College of Medicine strikes multimillion-dollar deal with United Therapeutics for transplant center,The Business Journals,https://news.google.com/rss/articles/CBMiqwFBVV95cUxPTkZXNWQyczlaZE5ldmFoMnVvTk96QkNkV1M2NzllbmlQV29FUWp4VDJCMGNXUkFRTVVrc1pnUFVJQUk1VlJRSEZLNVlFOTI2MnhiOEtNZ0NNc0p5REJST2lHejVjWnRfX19CS0NqRHBEaU4zRU1XVTlyWDc3S1dhNFpqQzF0QlY3bkRZR250eTlvY3ozMUFleEZGZC1pN3lHb0lRSkYzeGFhZFU?oc=5
2026-08-11T05:39:00+00:00,"Typhoon Dolphin batters China: Hundreds of flights cancelled, lakhs evacuated as floods hit east",The Times of India,https://news.google.com/rss/articles/CBMi_AFBVV95cUxQNHp1blBTRWZaOHVoM2xDb3NiaXgzLWhIclRUSkJyOEhsSTNjUTY4Qk1Hc2x5akQwN2NhMFVLc1N0ZHVYZnVlTUJEdFUzSEhYU2szeUpFMEdGYlVnM1V5blM0T2Q3U3NsYjg5SjI0cWJYMHRBMk1kQlFrdXQ4UGVtWnZVQlNyNjlRR0QzZFdDclhlbFlNN2t0WDl5OGZvSy1mZEsyRFl1SGZxT0psQ3ZyZmdHN1NYa3RSQXlaQTl1TW1icVhENndPNVZiUC1XTkY5VVdleWw4NXBjMlFpQ21QYnZjaGllSjRSVl9IeXFFU3lSUFYyTU9wMFFkanbSAYICQVVfeXFMUHFRcmE4WXJvQXF0SENzcHBWdHp2LU5JU0RwdVpJX0wyYmVvUDBTLVJnc0trMFZQMG83NEZoWU1rRGtzZXctVGpucF81RDY0Y3hsQzM4aWU0MnFFaXBidTJvOEpNRmllRjRFSVZ1N3hrRUNUQVVlZWpkS2JxWWQydC1oNGhJLXY1ZEJtdjhiWmxwOHRnS3FQck9hMk94U0tOWkg1bnI3SGxwcWRvVEM0NzRqMHBZelRzdTJ1NG9YOWN5aDU1X1RtOWNmd0ZBV05nb3N4ZWxRQXd3ZnR2bS1HQ0k1LTN6UDROdVdaLXBfMU1INml5Q3lqOUNqa1lWeXhtNXB3?oc=5
2026-08-11T03:36:00+00:00,'I still miss him': China’s AI crackdown leaves users mourning lost virtual boyfriends,The Times of India,https://news.google.com/rss/articles/CBMi7AFBVV95cUxOUUp6cmRqVXBHUEJacE9DZTZuWFVpcE5DR0pUdTRjRUhsX3Z5N2lrOTdxV3RaZWg3MEtjcWFpNHFFdGxTcENrVDdZN0ZzcDd0bC1xRlRweHJDYm9BWjVOWFhOeWEwczNZUEdIWTROZkdVRDN5bUEzSmdqcjFBSXZNZDFvSWVfN1ZaUTAtYkY0SnR0OFh4TEJaLWpWYzZ4OWx2NVlFWW1kRlpfSkhIZGc3M0ctUnBSa1o0Tk5oWW9vSi16SGp0V1hubWdPVC1uSVVaSTY4eXhWak1hUF9HX0czaVhmN3JCSjlmLW5ZR9IB8gFBVV95cUxNNjVhZzN2YzRheHhfcHpURFlFOGtUdlo0U01zS29YNnBrdl9WVXlyR1NYTTZFUHBRVlVsdHk1OWVpd2ZxOEx3LXRrY0dmRTVtWlFGLUFGRGtyX0dWNTR5Tld0TmtyVHhPbHp5eVlQdVlpUjBtZFkyRmc5eU1MaE9kNS1KVktLcVpjQWVsUnU3cHN1dG8xVHBTRzI2UmVmZllpbkF0OUE3QTYzQ2NJY1QyXy1lNHBfUmtnN05oMVlXd0Zua0dsYlUwUDIxNnZhQWxpbFZGMjNJZmR4UFZpVGRMeW9NbHh0SHVNU0pJSlBQaG9WUQ?oc=5
2026-08-11T00:00:00+00:00,Longitudinal multi-omic profiling of a pig-to-human lung xenograft reveals phased immune and tissue-remodeling responses,Preprint,https://doi.org/10.21203/rs.3.rs-10351832/v1
2026-08-10T17:50:00+00:00,New research agreement funds xenoliver transplant center at Baylor,News-Medical,https://news.google.com/rss/articles/CBMitAFBVV95cUxQVUZSSTRrMkUwVy0tZ011ak1pbGZwbWhlaVpleC1JYXV3NjV0S3huYW15NFdoRkVtSklfNUtlUjNGS3hmcTcwTER0THllbnZ3ZjE0dzlxTi12eEMxd3ZYbEJGZkpqQkYtcHZiR1c2akdhSGxfZnBjQm9abU94alZ0QVh4blJZemF0SmRYbTB3WGJpY3pPb3FNRGFOQWtROVFMWXVvUmhZYklCUWVuUUFfMDNqWlY?oc=5
2026-08-10T17:14:11+00:00,3 ‘Perfect Ten’ Healthcare Stocks That Analysts Rate as a Strong Buy,TipRanks,https://news.google.com/rss/articles/CBMinAFBVV95cUxNX1ZlampJcHpqdmxQQVFZSXJDX1Z2dk1RcjZkWldQV2xWMDRCYkowYkJ5d0VsTGRDb0ZlVzNfUUhvVXY0d1N0WWhOemxOeF9jcXZtMm1oWldxaWVJanBhWUFkMWttM01GSERWd09zVlEtcUVVWWRKTFg3UkFKNU9RXzhySm5hOGZjSHhfX2l6SjVUTW8wWWlXR0ljVUg?oc=5
2026-08-10T17:13:35+00:00,Dynamic expression of CD9 protein in T-cell acute lymphoblastic leukemia,Nature,https://news.google.com/rss/articles/CBMiX0FVX3lxTE41OTRoWW5lUjFUc3hCWGRIY1B3bjMySkExUndDMkxKem12SkpWeWtIUk92aU9saU1sdGJLYWFNTGhXR2hmWWo2dkdOQTJCcm1jYm5xaE1fZTR5eGZPTk93?oc=5
2026-08-10T15:58:00+00:00,Watch: Chinese rocket explodes shortly after liftoff from Wenchang spaceport,The Times of India,https://news.google.com/rss/articles/CBMi4wFBVV95cUxNTzg4SF9iZUhGZEZ1R3I0Ymp4VFZMWWJPR0ZqcUktcE9CM0tPbFhEMDBkcm1FMkRuRUt6Z212SVgzUGhEMkZEQnN5Q0hkU3F6YjV5cmxGdURmc2dLTWEyeTR3cFlUV2RpazVYaHJHUkxiRW5vaW1DSFZBN1JKY19ocHFvd1B6emZ5N3lLUUVUTEhJN2ZRd0tla0QyQVNMdzBDU0pHNldJekdsUDZmWndOVTdNaHBiQmtqYzNfX0tYLVk0dkxvWDNENW5PMTgtQ0NpWWthWVo1d3o5aEltaTI2SE00b9IB6AFBVV95cUxPNURaRmtCa1AwZzdINjFGWWZFMVhPMEZGSnNySnZWaDZNbHhNVVhaSnRERzRQT1BBSVk1clRySDd4d1pRWllOclY2X1d1dXJkV2ZoUXFCd1BUNXFVTk1odzZoUTNCZnNkRXNXLVQzc2hLbS12TUdGcjJfcFpZVzJXc3dDX3YyTTQtMzBVZEM4N3VaN0wydkdkSTlieVhjZHROOEp3MGltNEVmT2JWamxJRmh2M1RkMzY0WjdqWS14dWNLcXRONUFrRE9GZUViM3RHVWxVNjhlekNoNUhuN296aWNaeVdRZVhj?oc=5
2026-08-10T02:39:00+00:00,"Over 1 million evacuated as Typhoon Dolphin hits eastern China; 1,400 Shanghai flights cancelled",The Times of India,https://news.google.com/rss/articles/CBMi_AFBVV95cUxPdlNYdTc4ck1kMWZMRUxiVlBLYkJrYmhOSVlFTWtwaC13UTBTUzlXalJ5VGp3dXNhZTNnQzdzRUVTcndZUjk1VXZUVzVpS1lIdlNOcldBanFZdDdkM0J6UTJZU3BWUFhralI1UWkyWlIxZ0E3QmVaNWhhOHVxWElrTENJR292aVhROVFTTmF4dDZ1RnBqYlFDVFNTX0hUblgyUGQ3Qng3OUdXODFvOW16czhkYTc0WWdwakNjcjRkN1lWTHJoUEJJU0pLajJzN0ZqYmw0MzNqOF9wU2VDUmIyQ3RkZjBJMkdnTDA2VG9MUGI2OFZBZWN4Nll4bXrSAYICQVVfeXFMUGlYY1JYN1JwTjE3Slg2N3lCT05Bak41TnBmaERLMTc0aGRCUkg2MEcwaVpGR0hJU3VTdmtrS3lidGdETEYwcFBUM1NhbS1XZTNxeVZodVZUaFpudVMtck0tNjRNOTFLTzhILTVqOVZnaFNVMml2YTVwNVBZbXFWc2huWS1Hb0xxY1lpMmtOVnc3MjQ3U2VtMWp6OUxDNHpSWGRzbElDbGctNXRBR2dkTjE3VFpxQkd6NHg4WHVHSFZqT0QyaWZYb3RObzdBQlNqOVpxcUJ1Vk1nT2pySDNVN2VSRkdTbFd1Uzd2elVleXlNeVpUZ2prTmN3aUI5MmNsX25B?oc=5
2026-08-10T01:31:00+00:00,Women’s public role shrinks in China as official rhetoric shift towards family: Study,The Times of India,https://news.google.com/rss/articles/CBMi7gFBVV95cUxPa0hwU0RRajlMMURuSElDSFB6Zk4tUUpjeHhyQWlvUlZHSTltVDFvMzJXd3NqVG1jSk4zaU5TRDJ3ZUc0MklwSW84Rkg0SkZaMnZucklMemlMeDVpRG5ITmVxNkpFcU9zRWg0aFV2MGpOOUtLT0RKVkVCUkVyLVNMN1psRTFjaFNkZEV2dV94b1liSkNpcFNNWDBrSk9uSzZFcWVyRWRRU1BZaU1UYTAzVFg0MERUQkFYQUFsSE4tYnRwT3pTZ1g5aWFpcXVSZVFkWmMtamt3TmhJN1BURk5kQndYMkJCRFd5NEljVnFn0gHzAUFVX3lxTE55LVY3V2lmWC12RW9qXzlDT2picjZ5YU9CYVVRalBDY3pXYS03enZiZHZXWlhBMDBocTNUQXBiTHRZcW9jUk1GQmFrbFotRk45bndvRWp5WDU2aDFGbDhxYkRpc2U4dGtIR2o5NUhSS3ZjMDFYMmpaa1NlTTdjTmg0ajVBOXJXYnc2NEZBendGX1FNZ1hoZDBxSWpXbkQ4MkZobXEtcFlfYWk1LXoxZkFTZlplWUFpS0NycG9fTnltQkxmUWpfSk9vaFhIMWF0Xzh4bUd6NlN3SWVJN0U5czRNOTk1dW1seDg2UGJHYlhuWDBzcw?oc=5
2026-08-09T17:34:44+00:00,Advancing Type 1 Diabetes Treatment: 3 PM-Oriented Innovations in Islet Transplantation and Biomaterial Engineering,National Institutes of Health (NIH) | (.gov),https://news.google.com/rss/articles/CBMiU0FVX3lxTE1EY3Z5dDFDVVI1d3hWQ3NacUhudnptaEpab0xDRkFkVWtHSXVoTDh3SDhDSmhIZW9WWXM5aVNieEFiNVlmRm9pWFFpVWh3WTZiNkZv?oc=5
2026-08-09T11:31:17+00:00,From EM to AI: Multiscale imaging of the secretory pathway with insights from plant cells,National Institutes of Health (NIH) | (.gov),https://news.google.com/rss/articles/CBMiX0FVX3lxTE1RS1BXVFBRb1Q4MzJESFItR1BXTDI2YUFmV1dNaDdkUW11TWFzMTdDbi1hbjVLeXhTeWVqQnhRS3RZV2JrN2FwVGY4R0tBY1B0YzRFN0VlWUFxbk13Vk1r?oc=5
2026-08-09T04:40:00+00:00,"Typhoon Dolphin: Shanghai airports cancel 1,300 flights as China evacuates thousands",The Times of India,https://news.google.com/rss/articles/CBMi7AFBVV95cUxNejNMR3RTYXQyaDBmMUZMWEJRUUZiSjdGT29pSnZUZklOaW5Dd25paTJ0dkdIRXBRQU5mWWtrSUlPLS12RmJrTkozblJ4bTk0a1RlZURSQ1IxaHJYalc5ejJKRGxjTkNOM0xEZ0hfU0lKMUZKSnZSbC1sSnlZbVJmc2lPbEU1VVVYYVNzNjNYQ1I1dG53Q083UnUwRVpLbDduSHlEV1RLZU1vQjZ1STNLckRxRnJySm91a0pVWVlxSEl5NmpBbjRjQkVOUE9udG1YZkw0Z0pwVnBFUFozSzNDWlExdkVQR1FyVVQyaNIB8gFBVV95cUxOdTZTVUJUblZ3c20tUkU4TXB3ekVjaTd2NmJFeXVsRUduSTNXaENIUE94cjdUekY0SDFpV0tXNDlxVzZ5UTB5NnhjV09JUERSZldYYnl6anVUMVhxU0FBanB6bjdobDBqNE5TNXFiWk11YWdLNWpXX3N0TTdSYVIzRVNKWUdKUjdqVFBCVk1faWI0MnM0Q2VwX19XcXcxY2R6YWlENzNVNEMyOW02Y3l5M0hITTk3MFpyR2lUWk9oUld3aHZPeUtTTU54UG1iYVNQWFFrM0I4SWo4RWQtUTZ6Z2lJOENabVFWZlRDNC1iOGpqQQ?oc=5
2026-08-09T01:21:00+00:00,Discipline industry in China charges $4k for 6 mths to ‘fix’ adults in forced detention,The Times of India,https://news.google.com/rss/articles/CBMi7wFBVV95cUxQNG40QVh1eDZBZDNENng2YW1FMHh0ZDQ0aUpVUVowNW1OQXlHZWZYajZRaWl0ZW1zTVlONjhwQm5HZXlVU3NhMDIyd0NBcmxwb1ROOW9yY2hNSzJOVnZsMWp2Y2hiRXgwbEJwaGREYWg3MHFyWkxjaGFmcDM5Q1R2TzJBR1lQTnZFeFVpY2xMRWpkMnZBcC0yaG1EVmE1eUJDM2d3QUotcU5QMzdtWi12NXU5YWYwbkV0VDlZc3JYSEpMeE5PV2QwRjZhbS1tM3IyQ0YwX0JYdFB1NG5adGRvQU9mbk5VSE05TVhWS2hfWdIB9AFBVV95cUxQZjN4RE9FR0Y2VktyWmNjOVBESmptV3VydW5sNDlzdWhQcFBmcHJYem51b1pmSlpEdHJjZF9RRmo0Q215V3ZyMGgyLWx1SjYwZkpSeUc1QVB3Q181cGFaZnBJQk1fQWktVUI5MEZyX0dlUUZXcHI0SndHQm9nNEFobm5WWVV2N3pybzlncFBVNEVSMWpMMmsxUmJpTThwMXJ5bDhLdzZmSDNkcks4SzRrT3VCc3B2M1N4bkpsNlFYeVRNOTItSXp1UXdtZkxsbmt3VkFwcTB1Tm1FR3N0RlVvdERzeVhvUjRTQjlkLWUyRFl3WGRM?oc=5
2026-08-09T00:00:14+00:00,Cell-free synthesis of the fourth component of guinea pig complement (C4): identification of a precursor of serum C4 (pro-C4),National Institutes of Health (NIH) | (.gov),https://news.google.com/rss/articles/CBMiXEFVX3lxTFB4UHBhcmRwUlBzYjd2bWNlTExYMjVveDFtaXJjWFJqeTg0Q0NMWlRsYk42YzVzeVRCdUhrWERxUnlFRlJNWll5NlRTYmF6RlJSR0ZLeV9TY2pPWUg1?oc=5
2026-08-08T16:44:15+00:00,Regulated cell death programs shaping cancer therapy,National Institutes of Health (NIH) | (.gov),https://news.google.com/rss/articles/CBMiX0FVX3lxTE9CODdaQzZEbVB0Q3lDOEExOVlqWF81aVIyNmdkanVaaDhoUURKbVFFSzM2LU9INUNIWFY5LWhpa2xWWW52bFEyUm5IWUI3Q0dnTFpkMTh2NFMwYU1Jc0hn?oc=5
2026-08-08T08:51:00+00:00,"Typhoon Dolphin nears China: Flights disrupted, ports shut as storm strengthens",The Times of India,https://news.google.com/rss/articles/CBMi5gFBVV95cUxPYktNWjhDTmhrbE9YdTZHaHlFQnVOMFN0S1JScy1vUW5yemRPWVlvaFJiNkFSY0NhNGphaXhaYXF3OTJrZTYwSzR6RTZMUEs4SzJhZWwzcW5pZnF5bHEyQzFNTVhOT1pjWTJYcWdSTWpsLUdBY1VEc0VSNGVEcm1iTEdiWlI5ZVhidUNTalJFS0kwVDRLdlYwQjZZQTd6RXFjOHVfS1g0b3pKNnl6NTZTdGNpU09UaUJkLWFxTDl2a0NDVmFudGdEbVJOajF3NVgteXdsMlRxOEZoTktHZVVIb2lkak1EQdIB6wFBVV95cUxPSDNQMjk0UHE3THk3S2t4MlJzZURSUGM5dEhmUWY0OGR6TldWRUxRdFROOVk1MVRLTDBmcXpUR0NvdUFDWDVyNGh4WHI0WjRwek5XWW5HNTlUODQwdjF0Mjd4eHFuMnlvQjcxTWtzV3dyTW9xeHZMUjJKRC16X2JNb3BzRjJHNllMa3dVbVhYazJPcnM5cGk5bW1fa2NtODV0RlM2dlZLS3hTaDJwMnhLZG52VWozNS0ycVZrcGk4cTROXy1Cczh4ZlYyTzdKUy15VlBabWhPZ011dVRleXo1SVdKNWxvaVVIM2Iw?oc=5
2026-08-08T02:06:53+00:00,ClonOrgan raises 200M yuan to advance xenotransplant trials,Dealroom.co,https://news.google.com/rss/articles/CBMimAFBVV95cUxOVmR1R2hocUpUaUNIM2Q2Z2w5bUxxQ1RISzRYRDhiZ0dWSTBzaFZCSlNOWkV2YnQzdnhqLWJjTnNDNEY5bDBGX2p0aURfSzhmWS1xTGdGWExBcFd6LWM3VkRmWnUwNzJna2dJclFXMldYMGdnUE1nZkVuaGg0T2daZndzV2N6b0xRUUM5VGtxZXhBWXhpcDR1RQ?oc=5
2026-08-07T14:00:05+00:00,Health: Breakthrough pig heart transplant might offer hope f,NewVision.co.ug,https://news.google.com/rss/articles/CBMiqgFBVV95cUxNVVZrOGZxZHpjRGRSRW1jZVowd2VPTzJLQlBFbUhkN0oyVmw4dUxuMUhYZGRJWlRHWXJ0ak1FQWhNaGROdUF5cU9xZzNCTzlfYXhmS0ZTVUh1eFJhYlFjaVR1Mzd0bVh5dlZOYk5VMS1aRl9oOFRJVERrTnFldmtlQlU2UjlRUFVoWDJxUXBTMjJPN0FfRER2Q3NON2w3MV96UkJCTlg2WlRxZw?oc=5
2026-08-07T07:00:00+00:00,14255 - Gene ResultFlt3 FMS-like tyrosine kinase 3 [ (house mouse)],National Institutes of Health (NIH) | (.gov),https://news.google.com/rss/articles/CBMiUEFVX3lxTE9GMWkwS1hVSFdQX1ZUTHp0ZURwU21jVXEwVldFcGtrNXY2b1kzRW02eExXWFIydG52Si1MTUZabXRVS3NxcjZEWWV4ZUhxdkhw?oc=5
2026-08-07T01:59:00+00:00,Patient dies in China biotech company’s gene editing trial,The Times of India,https://news.google.com/rss/articles/CBMiywFBVV95cUxOZGhaT2RtZFl4Zmo0cDBoRVlLREI5RnNpU2dzZWU4bjJ5ZTVPWGhIb1NvU3AyOHFIbnhYS3cyTFpjdzBzOTVKeWdod1o3MHpqenJIdGZhQk9lcmtYekpHUG8wVjBqYlcxQXVNWW16U2dFc1RjRUJwcWdoRTNHSFBYRXVXNk1MLXF5VWdZMUZHUnk2bEtZYzdsa1VGVWU0NmFzVjBxb3RRX2hfbFp5ZEVES3oyb0F2TWtWUGNlNV8zNEZ5eVBSRDZJeTRwNNIB0AFBVV95cUxQLUprMmRzd2ZjQUJiY0drLUlaOU5ORzhKckNCRU85cWEzTXV6OHZrcFNlY0c3TGFSSlhQMVA2VkpoWkM5dFZxVjE1YWQyeldWZ0FiMml2YzhOOWYzN1E0bFZjQ1prUklEejBObDhKYS1fSzJmeU1Wc2FpNzNPdlUzem1XemFobHBXb0lsVWpEaE51ZFlldkdidml6aEJrM041YjhONzFrU0VwY3ZKTFVTOG0zV2NUWVU1Q0ROU0hrYTQ2dFlWLW9aUXppUTBGdlh0?oc=5
2026-08-07T00:00:00+00:00,Preclinical targeted alpha therapy of B7-H3-positive tumors using [<sup>225</sup>Ac]Ac-Macropa-PEG<sub>2</sub>-enoblituzumab via EDC/NHS-mediated conjugation. ,Europe PMC,https://doi.org/10.1080/09553002.2026.2710757
2026-08-07T00:00:00+00:00,Species-specific functions of CSRP3 in satellite cell-driven muscle regeneration and relevance to porcine stem cell therapy. ,Europe PMC,https://doi.org/10.1186/s13619-026-00294-w
2026-08-07T00:00:00+00:00,Spatial remodeling of inflammatory niches drives stemness acquisition and malignant transformation during early gastric tumorigenesis. ,Europe PMC,https://doi.org/10.1097/cm9.0000000000004203
2026-08-07T00:00:00+00:00,Recurrent PIK3CA-E545K mutation promotes cervical cancer growth and invasion via AKT/mTOR signaling. ,Europe PMC,https://doi.org/10.1007/s00438-026-02495-z
2026-08-07T00:00:00+00:00,"SLF2 and SMC5 dysfunction drives HSC aging and predisposes to MDS, defining a new inherited bone marrow failure syndrome. ",Europe PMC,https://doi.org/10.1038/s41375-026-03061-7
2026-08-07T00:00:00+00:00,5-aza-4'-Thio-2'-Deoxycytidine (Aza-TdC) in People With Advanced Solid Tumors,ClinicalTrials.gov · National Cancer Institute (NCI),https://clinicaltrials.gov/study/NCT03366116
2026-08-07T00:00:00+00:00,Combination Nilotinib and Paclitaxel in Adults With Relapsed Solid Tumors,ClinicalTrials.gov · National Cancer Institute (NCI),https://clinicaltrials.gov/study/NCT02379416
2026-08-07T00:00:00+00:00,"Recruitment and Apheresis Collection of Peripheral Blood Hematopoietic Stem Cells, Mononuclear Cells and Granulocytes",ClinicalTrials.gov · National Institute of Allergy and Infectious Diseases (NIAID),https://clinicaltrials.gov/study/NCT00001405
2026-08-07T00:00:00+00:00,"Hematopoietic Stem Cell States, Function, and Molecular Identity: From Quantitative Assays to Modern Multi-Omics",Europe PMC,https://doi.org/10.1016/j.exphem.2026.105489
2026-08-06T22:45:18+00:00,The novel integrin-linked kinase inhibitor nilotinib suppresses cancer progression by promoting ubiquitylation of autoimmune regulator in oesophageal squamous cell carcinoma,National Institutes of Health (NIH) | (.gov),https://news.google.com/rss/articles/CBMiX0FVX3lxTFB0TFVyNUVlQ1pMM2Q4NmZMSFpiek5mZVdNZzFtSWw3MTVYQks4NGJ5RGxYcGIzZS15MUJkVmNaYV9NcTZhaHhCd0NwQ3JIR2NrZGNZSC1HNjd4OTRyRnFJ?oc=5
2026-08-06T22:00:00+00:00,"Chengdu Clonorgan Biotechnology Co., Ltd. announced that it has received CNY 200 million in funding from a group of investors",marketscreener.com,https://news.google.com/rss/articles/CBMi4wFBVV95cUxNbGlZQVBfSFdNXzE3SmJtZHNDZWh0eDJtd1NibHRUcU1tWVRFVWhXQVpJLTdWakhOcXlDbzF5aU5sNHFWNTFLZlRqbmE2akV2MnNydEx5ZW5sOF9lLTJNdDRsanNNRHY4N2htY2IxbFlVdEcxaXZOcTE0emFJeU9WV1BTNnZhNV91OTBxdDh5MkxFeHB1Y0EzQ043cm85VDNJTmFfX0YyLW45MXMyeE11blpKbGR4cE9DbEk5Z3o1Uk5ra2tZem9PX2JxeTlFNUhEQkdpamJtYTlPeVNQd0tTSVRIVQ?oc=5
2026-08-06T21:30:20+00:00,Lysine Biosynthesis Defines a Metabolic Checkpoint for Gibberellin‐Mediated Growth in Arabidopsis thaliana,National Institutes of Health (NIH) | (.gov),https://news.google.com/rss/articles/CBMiX0FVX3lxTE13M3MtUTI1NnotVTJHMTFKbVdJdjVwWGhCMGY5SDZiRXR2MWNQTE0xalRCakpzZmt3U1p0bjJvSjhVT0hBS2stWXFaVFlSNGRzMmpMekhlOVBRRzVqY2cw?oc=5
2026-08-06T18:19:52+00:00,Perilymphatic ATP plays a critical role in modulating cochlear function to protect from loud sound induced hearing loss,National Institutes of Health (NIH) | (.gov),https://news.google.com/rss/articles/CBMiX0FVX3lxTE1tYmVDeXZkTDJ5VjhTMHItSXpoTlBfUmhqMUpaZEhfbzNvT2NaNk1WU2N3TTJENEw1aG1KVkhhQ3FWa1ZLeUd1YU96YXhrSjdSYUtxMHp0YTVuVDNFVEZ3?oc=5
2026-08-06T16:50:22+00:00,The Potential of Composite Pig Islets-Kidney Xenotransplantation to Cure Diabetes and Renal Failure: A Suggested Modified Approach,National Institutes of Health (NIH) | (.gov),https://news.google.com/rss/articles/CBMiX0FVX3lxTE1iTll6Z29MN3Z4eVhKd1RmVjFDT3BnNmc5THZhRkJvV0V3d28xeXpzNzlwVGtwb2J6S3VpSEhjZzdkZDdjM3VZaVFxelBaOVJOMG0xaG05V3MyNnlMSVRz?oc=5
2026-08-06T04:22:03+00:00,Advancing the Future: Assessing Emerging Pathways for Expanding Organ Access in India,orfonline.org,https://news.google.com/rss/articles/CBMiuwFBVV95cUxPQkh0R0ZTTV8ySk15bHpiUU1CRlFEbThhMUpDUUZ2N3pDLUFBV3NiTUhfam9EQ2F4R3BtemxXR1NPSmhIaXdQanR5TEdsUFEwMHFMR2NfRnQwMmJocWRhUDBVWEFhSmlyczA2eVNEQTQ1Q1IzZFRWeEk2a0JTRUk1MlA5OXpjdjdjVldTcjQtM05vRXRGYlZES21mdmY0SE9uN1ZoSVg1YWx6WmNlRUgwWG1kNUNoWW5GR0pz?oc=5
2026-08-06T00:00:00+00:00,Disruption of RBPJ in liver cancer-infiltrating T cells enhances antitumor immunity through remodeling epigenetic landscape,Cell Death Differ,https://pubmed.ncbi.nlm.nih.gov/42562885/
2026-08-06T00:00:00+00:00,Theranostic Approach Using Radioiodinated Trimethoprim Targeting <i>E. coli</i> Dihydrofolate Reductase in Engineered Cells. ,Europe PMC,https://doi.org/10.2967/jnumed.126.272322
2026-08-06T00:00:00+00:00,Calotropis gigantea (L.) Dryand. Stem Bark Extract Suppresses Tumor Angiogenesis Through Modulation of HIF-1α/VEGF Signaling and ERK1/2-AKT Activation in HepG2 Xenograft-Bearing Nude Mice. ,Europe PMC,https://doi.org/10.1016/j.jep.2026.122274
2026-08-06T00:00:00+00:00,Exosomal PKM2 from AML cells reprograms endothelial metabolism to promote angiogenesis and chemoresistance,Europe PMC,https://doi.org/10.1007/s10142-026-02003-x
2026-08-06T00:00:00+00:00,Matched Targeted Therapy For High-Risk Leukemias and Myelodysplastic Syndrome,ClinicalTrials.gov · Dana-Farber Cancer Institute,https://clinicaltrials.gov/study/NCT02670525
2026-08-06T00:00:00+00:00,FGFR2 mediates the progression of colorectal cancer by promoting the expression of HIF-1α via the PI3K/AKT/mTOR pathway. ,Europe PMC,https://doi.org/10.1016/j.tice.2026.103843
2026-08-06T00:00:00+00:00,Restoring the powerhouse: mitochondrial transplantation in regenerative medicine and cancer therapy,Europe PMC,https://doi.org/10.1039/d6nr00488a
2026-08-05T00:00:00+00:00,CircHMGB2 Acts as a Molecular Decoy for IGF2BP1 to Promote Cisplatin Resistance via Grb10/Akt Signaling in Chondrosarcoma. ,Europe PMC,https://doi.org/10.52628/92.2.14037
2026-08-05T00:00:00+00:00,Dual Targeting of EGFR and HER2 by a Bispecific Antibody-Drug Conjugate Demonstrates Broad Antitumor Activity in Multiple Solid Tumors. ,Europe PMC,https://doi.org/10.1158/1535-7163.mct-26-0143
2026-08-05T00:00:00+00:00,Solanum nigrum-Derived Carbon Dots Alleviate Tumor Hypoxia to Potentiate Photodynamic Therapy in Esophageal Squamous Cell Carcinoma,Europe PMC,https://doi.org/10.1002/adhm.71540
2026-08-05T00:00:00+00:00,Tumor-Derived Model Biobanks in China: Current Status and Future Challenges,Europe PMC,https://doi.org/10.1177/19475535261472214
2026-08-05T00:00:00+00:00,TET2-driven demethylation of ANG promotes angiogenesis and malignant transformation in oligodendroglioma,Europe PMC,https://doi.org/10.1038/s41388-026-03928-0
2026-08-05T00:00:00+00:00,M1C is a druggable target for NSCLC KRAS G12C mutant tumors resistant to KRAS inhibitors,Europe PMC,https://doi.org/10.1038/s41388-026-03934-2
2026-08-05T00:00:00+00:00,Endocrine disruption by emergent brominated flame retardant Decabromodiphenyl ethane (DBDPE) promotes cancer-associated characteristics in human breast cells and zebrafish xenografts,Europe PMC,https://doi.org/10.1016/j.envres.2026.125393
2026-08-05T00:00:00+00:00,ASCL2 promotes malignant progression in head and neck squamous cell carcinoma by transcriptionally downregulating SHPRH,Europe PMC,https://doi.org/10.1016/j.bcp.2026.118320
2026-08-05T00:00:00+00:00,Heterogeneous human muscle fibroadipogenic progenitors include a DLK1&lt;sup&gt;+&lt;/sup&gt; subpopulation that prevents fatty infiltration after injury,Europe PMC,https://doi.org/10.1126/scitranslmed.aeb7213
2026-08-05T00:00:00+00:00,Development of a structurally distinct TopBP1 inhibitor that enhances PARP blockade and reverses osimertinib resistance,Europe PMC,https://doi.org/10.1126/sciadv.aeg1996
2026-08-05T00:00:00+00:00,Histone Lactylation Mediated by circRNA-Facilitated FXR1 Phase Separation Promotes Colorectal Cancer Progression,Europe PMC,https://doi.org/10.1158/0008-5472.can-25-3151
2026-08-05T00:00:00+00:00,Mepce Restrains Ferroptosis in Prostate Cancer Through 7SK-P-TEFb Pause Control,Europe PMC,https://doi.org/10.1002/advs.76958
2026-08-05T00:00:00+00:00,LAMC2&lt;sup&gt;+&lt;/sup&gt; Epithelial Cells Drive Bladder Cancer Progression and Predict Immunotherapy Response via SERPINB3/STAT3/CD44 Axis,Europe PMC,https://doi.org/10.1111/cas.70492
2026-08-05T00:00:00+00:00,Differential modulation of exhausted Th1 cell migration by immune checkpoint blockade: insights from 3D microfluidic and &lt;i&gt;in vivo&lt;/i&gt; PDX platforms,Europe PMC,https://doi.org/10.1039/d6lc00574h
2026-08-04T14:51:03+00:00,La próxima frontera de los trasplantes podría haber nacido en forma de lechón. Científicos crearon un cerdo con tres genes desactivados para hacerlo más compatible con humanos,Gizmodo en Español,https://news.google.com/rss/articles/CBMirgJBVV95cUxNVnZseWxNZXdCcnB3N3YtODc0VFA2ZmlHOTZsekEyNk1abXg1aHdIVWpvc1pGdDRVbVQ1SHFDV1R4bS1jak1tdTY2VTJscGZIMXVMem5zT2hMdGFBSWtQbHhILWNoZEJNaXBELWh1enF6SGF4YnI1QzFjSnhkcmtzOTY2ZmtFelNDODJCU0duTVc2SmpSTXpVdEljQ01xQUMxQ3VDQmtpSGFrQVBBVUxjRk9YQndzSWh5MmJCYldIdkx4LWxNV3ZrYm0weERJaFRYbkE5UDB4Tm9PU1lDSlM0ZHZuVmxzRUNBVmhocUhMc2YzZ2hJZkpJWFVtRnlDWjBiaHZ4SUFpNjdacnBiNE1aV2NDQ2tOWEpTb0xjNjRYVHJaWW1YTG01QXhVU3pMdw?oc=5
2026-08-04T00:00:00+00:00,Hepatocyte MLKL drives obesity-driven hepatocellular carcinoma progression via mitochondrial dysfunction independent of necroptosis in MASLD,Hepatology,https://pubmed.ncbi.nlm.nih.gov/42549799/
2026-08-04T00:00:00+00:00,From Gene Editing to Exogenesis: Pigs as a Source of Immune-compatible Organs for Transplantation,Transplantation,https://pubmed.ncbi.nlm.nih.gov/42547936/
2026-08-04T00:00:00+00:00,Prognostic risk modeling based on integrated multi-omics analysis identifies CRY2 as a key regulator in tumor immunity and patient survival in colorectal cancer,Europe PMC,https://doi.org/10.1080/07853890.2026.2712007
2026-08-04T00:00:00+00:00,RUVBL1 supports TIP60-associated proteasome adaptation and temozolomide resistance in glioblastoma. ,Europe PMC,https://doi.org/10.1016/j.cellsig.2026.112795
2026-08-04T00:00:00+00:00,A mouse PDX clinical trial reveals broad efficacy of niraparib and vc-seco-DUBA anti-HER2 ADC SYD985 in HER2/neu expressing endometrial cancer. ,Europe PMC,https://doi.org/10.1016/j.biopha.2026.119830
2026-08-04T00:00:00+00:00,CHAF1A promotes RAD51 loading and homologous recombination to drive tumor radioresistance,Europe PMC,https://doi.org/10.1038/s41388-026-03935-1
2026-08-04T00:00:00+00:00,The RAB32-USP13 axis facilitates TOM40 mitochondrial localization to promote non-small cell lung cancer progression,Europe PMC,https://doi.org/10.1038/s41418-026-01838-y
2026-08-04T00:00:00+00:00,Molecular evaluation of residual disease following neoadjuvant chemotherapy in triple negative breast cancer CALGB40603 (Alliance). ,Europe PMC,https://doi.org/10.1172/jci205962
2026-08-04T00:00:00+00:00,The Combination of IVIM-DWI and BOLD-fMRI to Evaluate the Early Efficacy of Photodynamic Microenvironment-Modulating Therapy in Nasopharyngeal Carcinoma,Europe PMC,https://doi.org/10.1002/jmri.70476
2026-08-04T00:00:00+00:00,Ferroptosis induction by curcumin through regulating the expression of glutathione peroxidase 4 in papillary thyroid carcinoma,Europe PMC,https://doi.org/10.1007/s10735-026-10922-z
2026-08-04T00:00:00+00:00,Diversity-enhancing synthesis of novel arylnaphthalene lignan and hexahydrobenzo[&lt;i&gt;k&lt;/i&gt;]phenanthridine analogues and identification of a potent antitumor lead,Europe PMC,https://doi.org/10.1039/d6ob00556j
2026-08-04T00:00:00+00:00,Rapid Analysis and Response Evaluation of Combination Anti-Neoplastic Agents in Rare Tumors (RARE CANCER) Trial: RARE 1 Nilotinib and Paclitaxel,ClinicalTrials.gov · National Cancer Institute (NCI),https://clinicaltrials.gov/study/NCT04449549
2026-08-03T00:00:00+00:00,DRP1-mediated mitochondrial fragmentation is a druggable vulnerability in multiple myeloma. ,Europe PMC,https://doi.org/10.1182/blood.2025030349
2026-08-03T00:00:00+00:00,A single-molecule prodrug synergistically suppresses MYC-amplified osteosarcoma through sequential nitric oxide release and photodynamic therapy,Europe PMC,https://doi.org/10.1002/smo2.70084
2026-08-02T00:00:00+00:00,"JMB2403, a potential best-in-class PD-1-dependent IL2Rβγ-activating tri-specific antibody for safe and potent immunotherapy",Europe PMC,https://doi.org/10.1080/19420862.2026.2709956
2026-08-01T00:00:00+00:00,Antibody Responses Against Swine Leukocyte Antigens Contribute to Early Rejection After Pig-To-Monkey Kidney Xenotransplantation,HLA,https://pubmed.ncbi.nlm.nih.gov/42547459/
2026-08-01T00:00:00+00:00,Mitochondrial ribosomal protein S30 inhibits ferroptosis and promotes tumor progression in hepatocellular carcinoma via suppressing GPX4 ubiquitination,Int J Biol Macromol,https://pubmed.ncbi.nlm.nih.gov/42542152/
2026-08-01T00:00:00+00:00,"Expression of Concern: Knockdown of Rab7a suppresses the proliferation, migration and xenograft tumor growth of breast cancer cells. ",Europe PMC,https://doi.org/10.1042/bsr20180480_eoc
2026-08-01T00:00:00+00:00,The Impact of Human Placental Tissue-Derived Xenograft on Bone Healing and Pain Behaviors in a Murine Segmental Bone Defect Model,Europe PMC,https://doi.org/10.1093/milmed/usag044
2026-08-01T00:00:00+00:00,A Novel Aerogel Delivery System Reduces Drug Resistance for Non-Small Cell Lung Cancer Combination Therapy,Europe PMC,https://doi.org/10.1002/cam4.72139
2026-08-01T00:00:00+00:00,HDAC2-Mediated SMAD7 Stabilisation Activates Wnt/β-Catenin Signalling to Drive DNA Damage Repair and Cisplatin Resistance in Ovarian Cancer,Europe PMC,https://doi.org/10.1111/jcmm.71300
2026-07-31T00:00:00+00:00,Spatiotemporal transcriptomics of human cardiovascular progenitors in pig hearts identifies Midkine as a positive regulator of neovascularization,Nat Cardiovasc Res,https://pubmed.ncbi.nlm.nih.gov/42538380/
2026-07-23T00:00:00+00:00,An Integrated Preclinical Platform for Lethal Neuroendocrine Prostate Cancer from Rapid Autopsy Bone and Liver Metastases,bioRxiv,https://pubmed.ncbi.nlm.nih.gov/42539137/
